feature1,feature2,feature3,target
-0.5903204917894782,-2.393971298828933,-1.7876383754607241,Class_C
-1.9134916133635143,-1.3921898610231676,-0.8325414289938458,Class_C
-1.3884795518347854,1.4473563202657806,1.3584856237702305,Class_B
-1.2937936816295474,1.0124384491999554,0.08076137965980679,Class_A
-0.5473652081256671,-0.1741671912257412,-1.298140160341676,Class_A
0.518074285370111,-0.1579276078650924,0.6331622831765624,Class_B
-2.2524628024866087,-3.0382263309116477,-0.685981396689212,Class_C
-0.7008213599507878,0.2444656040080968,0.7628979147462889,Class_B
-0.5678411555959215,-1.3733328519891144,-1.3166145972884604,Class_C
-2.1226574797310036,-0.6226847077714419,-0.30209844121373386,Class_C
-0.48591289304216767,0.4206406417038774,0.8612765355416201,Class_B
-1.3501737500153799,1.6128506204177788,-0.044606481931012354,Class_A
-0.6989274588260899,0.6691494759718422,-2.0856485267311955,Class_A
-0.23026839312941993,0.3612589324575195,1.2826797244174508,Class_B
1.2169290190870448,-0.2354290425655412,1.1959625300932304,Class_B
-2.1008510295174156,1.293970199260744,0.8428531158989375,Class_B
-0.28586723686953863,0.5514363577051108,0.878034230948461,Class_B
0.14647494833897534,-0.7505877042220439,-1.8783688661988465,Class_C
-0.8506204664830513,0.017832371180970474,0.36415327605858616,Class_A
-0.9531133915149985,-0.47646082856792393,-0.8395485973584221,Class_C
-1.0672110841058653,1.005693887932935,-1.021022624373667,Class_A
-0.4468525589868122,0.3218438113679798,0.9926051298558801,Class_B
-0.12919645092236398,0.1365534964837012,0.5625573498636195,Class_B
-0.9906152980064312,0.6857449394337871,0.5944190739499517,Class_B
-1.5035096585210002,2.3744723304232274,-0.42754529756719384,Class_A
-1.2068152591021881,1.4481612361919658,-0.4808243468999118,Class_A
-0.4212109805586072,0.2656982984520313,0.6079622494738542,Class_B
0.9288428963907722,-0.18622544830535048,0.9566617014556312,Class_B
-0.24118474410141544,0.4660615691064013,1.0022048125280052,Class_B
-1.2696785311744814,1.5650252783820702,-0.5682875844599927,Class_A
-0.5295755324388849,0.15009751520718007,0.9423541458868469,Class_B
-1.3866833853763398,-1.4449554640930131,-1.0494611553908086,Class_C
-2.140874986645429,-2.1342894672524837,-0.7285581425150968,Class_C
-1.09081190475826,1.411245891299696,-1.0545256751150196,Class_A
-0.7400682251586311,0.31941362271104135,-1.1461094722524545,Class_A
-0.1930827525461044,-0.010667886816805527,0.2201331435217223,Class_B
-3.9032833703781113,2.345454243818026,2.228061277072935,Class_C
-1.7375065536138283,1.7234633117429583,1.4207997621325188,Class_B
-1.707564678763747,1.566018270772989,1.4400029197143374,Class_B
-0.16555608508896613,-2.049221625241416,-1.8598217214809414,Class_C
-1.6126277090396484,2.339209203263046,-0.2755801176363909,Class_A
-1.4200266508921877,0.9138994506821302,0.43842082263940996,Class_B
0.12330614674886675,0.517024267781164,0.7482144768004759,Class_B
-0.5855235119132689,0.881316255790948,0.57907254450561,Class_B
-0.43940018870245057,1.2485984911653656,1.382233285981977,Class_B
-1.353016706250956,0.8966159096674944,0.6436762427905556,Class_B
-1.0530631641751955,-2.446525038522914,-1.3107476317098525,Class_C
-1.1007596822121668,1.5850987938666623,1.629753478145303,Class_B
-2.9595264587136594,1.0860759024150277,1.2222209490231175,Class_C
-1.718845818726109,-1.588260467887431,-0.7511270726321622,Class_C
1.3088523047989407,0.7136408487936705,2.2670428068182327,Class_B
-1.043860673040802,0.7511300798336626,0.20278802623484293,Class_A
-1.6888506669839347,0.3342259654914106,-0.021846232098854834,Class_C
-2.073706354254207,-1.7421602852249571,-0.6926640413245104,Class_C
-0.8184452272795968,-1.4848070118366241,-1.1143512394991006,Class_C
-0.3008602754125571,1.5120486739302,2.0567688741193733,Class_B
0.4310377691633289,-4.058846348911113,-3.196922811377905,Class_C
-1.308140462208378,1.460464282123959,0.9392718572034755,Class_B
-0.6906911787028123,0.15841467998054348,-0.8228349936328208,Class_A
-1.5252256559618722,0.530362086684628,0.41883537472041465,Class_B
-1.1948010843949746,-1.719181887344087,-1.201580602714844,Class_C
-1.026322966950644,0.6220223345300806,0.10520180953943836,Class_B
0.592996770610829,0.861648623472789,1.7462991578623372,Class_B
-2.779412720761586,0.3842790841227255,0.7601226156851537,Class_C
-2.843192822903724,1.0706533877910176,0.3442941194842565,Class_B
-3.1796512385325864,1.0993220173440097,1.3501880595691995,Class_C
-1.9777217439138424,1.9776718788946432,1.2950284174963091,Class_B
-1.7271128314749131,2.2836452182338194,0.4297317149826865,Class_A
-0.901215104063293,1.0193447996694749,-0.887292868773089,Class_A
-0.11661268502960487,-0.8553748502412863,-2.22327373842229,Class_A
-1.6916714499501064,3.3895987356398942,-1.362538559877212,Class_A
-0.48258448694278955,1.0265400645334357,1.4340058096922852,Class_B
-1.2671322670174674,1.4910126087746256,-0.35532559714071044,Class_A
-1.4894197032245478,2.332075939092225,-1.0352435409541374,Class_A
-1.2491703750823735,-0.9151205243304557,-0.69524067423368,Class_C
-1.150834923568278,1.3199066546003595,-0.3022703091086293,Class_A
-1.4962822494371866,1.6454146355260373,0.3984285419624598,Class_A
-0.7478932858264399,0.14424566003152506,-0.785195626430011,Class_A
-1.4159039462231109,0.7853591934013162,0.10629211267558225,Class_C
-1.1622265060112802,0.564382854706124,-0.10261257531413104,Class_C
0.13008989360733203,0.0044050582489673085,1.0953146214525193,Class_B
0.03984341402353153,-1.7845176117199144,-1.5341338740963435,Class_A
-2.3436822391421313,-0.26538698888598444,0.3890276002403974,Class_C
-0.9730175404514221,0.9546933547900741,0.7199268497152642,Class_B
-0.9156920414941447,0.5867484292240519,-0.38798831466962114,Class_A
-1.4038815662366786,1.1823348206491455,1.0127137424159378,Class_B
-2.3571014350178716,-0.2218556266402718,0.3535635927741767,Class_C
-0.8438610634345459,0.9304653438436487,-1.9065150692257287,Class_A
-0.8171080521423296,0.24515260050980026,-0.6366277266446134,Class_A
-1.688094135476474,2.5773928933832293,-0.14398924351812925,Class_A
-1.2635861870040084,-0.0070665311809196,-0.53001883253843,Class_C
-2.191163674773749,0.3061737398363038,0.4282688070050038,Class_C
-1.1831195665683232,1.436409801568597,-1.2287896620511602,Class_A
-0.2567427852832168,-3.153204863893591,-2.275634482647338,Class_C
-0.7844863871072948,0.2586515851236798,-1.2417268129860282,Class_A
-1.0343232284483108,0.6172990282815729,0.20596177092618317,Class_A
0.8879059984614048,-2.7468141337247074,-3.017801658094593,Class_C
-1.7243949376115377,2.7138696531268076,-0.14478037557934065,Class_A
-0.8321733618865634,0.6498379319345267,-0.9547154174395052,Class_A
-1.0321714064274123,1.54176061148193,-1.8922247710555193,Class_A
-0.4328142174385039,0.8094400573338993,1.0728258778140867,Class_B
0.045735506002346105,-1.4486762200419938,-2.071967638409155,Class_C
0.05995454437195469,0.5385371477290166,-1.0352403109268087,Class_C
-1.297454748826196,1.8812372022836423,-0.8257354896559844,Class_A
-0.4592345259485554,-0.456370436723442,-1.4068965755287075,Class_A
-1.2024068016721299,0.8720887888617026,0.18540616298320245,Class_A
-1.4448802132830239,2.4552906461717265,2.4689831390783468,Class_B
-1.230590722048249,0.7768223023348646,0.6572205403502023,Class_A
-0.38680246562900755,-0.22864602713082383,-0.8901312454953288,Class_C
0.46351395403649387,-3.5756629997880935,-3.1873899683703932,Class_C
-1.7062130205506214,0.1956564743340583,-0.12816643961557528,Class_C
-1.9676170681706557,0.5381669085729284,0.28234041435942725,Class_C
-0.8479037098981421,0.6421986578688957,0.7291299108497928,Class_B
-1.396288122714464,1.758092516304997,0.06424517480644654,Class_A
-1.0059168014023465,0.6913232920995938,0.4961458170842049,Class_B
-1.699288462946443,2.3665256008445166,0.39415030288300335,Class_A
-0.7746414337543395,1.6841501190161001,1.9940490281660717,Class_B
-0.29113662477737223,0.503220788636604,-1.0497844658580264,Class_C
-0.8364881473979977,-1.7324033338823084,-1.5218841795870688,Class_C
-3.8372309849105672,1.923087849522425,0.4046920416222358,Class_B
0.05708869605482292,-1.7138509731840488,-1.7353812670258022,Class_A
-1.2972210357227834,0.17708326380220663,-0.26094411349130786,Class_C
-0.575007014191558,1.2007559000356962,1.2880365195944448,Class_B
-0.9032520282229397,-0.08384988475802313,0.24901369510749571,Class_A
-1.362863183281188,1.7247812006311467,-0.2637340531007698,Class_A
-0.21463119019106303,0.5808836235037371,1.1531661354148093,Class_B
-1.8526732989389323,-0.7299736104743113,-0.13309993346988003,Class_C
-0.8662834645469855,-0.3509227441246654,0.6258006070416566,Class_A
-0.19816375984124246,0.8583928426974996,1.8927648624213322,Class_B
-0.5862853652169937,-0.20099622180970722,-1.0230236311191239,Class_A
-0.682134713218709,-0.9461642135636754,-1.3082218479965886,Class_C
-0.22125017800582014,-2.814607245320519,-2.2529349026933234,Class_C
-1.019966666496119,-0.7846508500213942,-1.1201200608686328,Class_C
-1.3866791040058946,1.6291607843391773,0.04038952725910727,Class_A
-0.827766045006084,0.31564893912347003,0.31280624831016557,Class_B
-0.4035119361647852,-0.33072018587427143,-1.1545414286324749,Class_C
-0.5167509338453342,0.621414723736224,1.0153382795079862,Class_B
-1.0725940334337953,0.43513774952909157,-0.48470347538870673,Class_C
-0.7528281889976737,0.6038930210141209,-1.667700255103103,Class_A
-0.9874535333688094,1.5576292428556147,-2.312391735963523,Class_A
1.509294590915705,0.16921707863863233,1.0903100989640593,Class_B
-2.3821480387667124,2.2216516897058867,1.4310688280371915,Class_B
-1.7889395275004292,2.403670943608943,0.4796375467704943,Class_A
-0.9854510599082793,0.8554917493825793,-0.663648658363934,Class_A
-0.1661563779701407,0.9962784629096268,1.7705675240382164,Class_B
-1.6507233627483502,1.5175382899018666,0.09103538817098511,Class_C
-0.3800896572323853,1.3936339315484367,2.181010287957669,Class_B
-0.7604616493410828,0.7201033403014343,-1.2463367933880218,Class_A
-0.2531652971933416,1.840364120287218,2.5483654796122077,Class_B
-0.9126986577407044,-1.6569620358409347,-1.2052101855132447,Class_C
-1.2518826700244832,-3.2525468684257275,-1.7484388495045615,Class_C
-1.2517892220509996,0.5909688026114239,0.4162422724997368,Class_B
-1.4402507163743676,-3.3285666309518085,-1.382467379239255,Class_C
-0.23475160556367491,-1.4572848271692413,-1.8656265582062304,Class_C
-0.8686521559268221,0.29561765542645757,-0.7904229346351762,Class_A
-1.692681895013352,0.9757588472851094,1.286510623010387,Class_B
0.13290643972360794,0.7212322436398585,1.3789281353526124,Class_B
-0.9896168333564921,1.2876189951911479,-1.4875245046396968,Class_A
-1.70899297339759,0.23163169746051282,0.20718906798098446,Class_B
-1.2846107949400585,0.714188731633114,1.0272562791225732,Class_B
-0.9728560844307522,0.8410135713849072,-1.0285476840987464,Class_A
-3.098490202998776,1.8055234707170942,0.8843490168802364,Class_B
-1.1278991875962867,1.1865562334354849,1.1492327567887317,Class_B
0.13281639338354512,-0.008328169001641794,-1.4097207551549464,Class_C
-1.2797370302721556,1.7067598441066938,-0.7211765927418938,Class_A
0.427515985756463,-0.415960055185403,0.6604008410281197,Class_B
-1.3953261909328758,2.1780707720942174,-1.1611536335709445,Class_A
-2.5861604547625774,-1.0695678359150418,0.21395403538559088,Class_C
-0.5953234212227162,1.349254775535948,1.633836853801616,Class_B
1.1379245259440918,0.1341399397476779,1.46258115504595,Class_B
-1.0253086246358512,0.8163235798059465,-0.8298878137192485,Class_A
-3.5501563718944302,-0.3577602297695348,1.0906588334317506,Class_C
-1.1787458381328038,1.1903246509844905,1.274313627599318,Class_B
-0.7070920512918046,-1.6122212802260973,-1.4823383963251069,Class_C
0.46957421985599357,-0.01638935177456502,1.2089432512703229,Class_B
-1.8622892094566303,1.9050674568906218,2.017498635699134,Class_B
-0.7190294183321287,0.1427924922404582,-1.0719463819702013,Class_A
-0.9519849303310195,0.03411399716300656,-0.044132548472573974,Class_A
-0.7924848778952097,0.3026454395506404,-0.996326938846263,Class_A
-0.6596966535937215,1.2457946686069208,1.6277253340647566,Class_B
-0.6983597787761864,0.14828046951143814,-0.9971742913232994,Class_A
-0.607656166457827,0.24080683799392266,-2.592230866225452,Class_A
-1.7376672380324298,1.838294779234542,1.5346495918684226,Class_B
-0.24533285631915314,-1.5712439530976128,-1.7579171688469657,Class_C
-1.7386411537663529,-2.7143213418641805,-1.0866045654307843,Class_C
-0.49680730458231726,1.0811100959715063,1.9739266915821978,Class_B
-0.8684070218109916,0.6198549558145092,0.8680653344870709,Class_B
-1.7283220716678707,-0.5773108753923452,-0.004530182189541487,Class_C
-1.0619853310059306,1.8705477473033214,-2.33894777813106,Class_A
-1.1948988317765192,1.3986769377239359,-0.21761483328830478,Class_A
-2.0609202344777344,0.6462560290147341,-0.08398261630889436,Class_B
-0.630886515767215,0.10381582084869156,-1.839365699736312,Class_A
-1.4090019346585376,0.9000035497494043,0.6628562137815842,Class_B
-1.724511925505139,2.4859282866055548,0.25061433973558844,Class_A
-1.750008934969567,-0.8504139152038055,-0.41853873100466077,Class_C
-0.8685507023925064,1.1771767651078258,-1.9199039445403707,Class_A
-0.7349777932040992,1.0350375458341947,1.7130866836271235,Class_B
-0.7762404277906398,0.08487681725486729,0.42570601168724176,Class_B
-0.8925530322620789,0.6185764586330361,-0.9447456825303951,Class_A
-1.7615358631825666,2.363300874531902,0.4189884791672136,Class_A
-1.477035342478596,1.9058968756561483,-0.13679059304638364,Class_A
-0.9210195274941169,0.7785465649014269,-0.8933162680997521,Class_A
-1.1840182504831651,1.2768302298820622,-0.5290415350517872,Class_A
-1.0478267447319043,-0.3557536369797697,-0.9440922980999545,Class_C
-0.6531013116714501,0.5048608760035539,-1.5142587671113863,Class_A
-0.9154413093060071,0.7093044661574659,0.8303079944636098,Class_B
-1.1431609401992209,1.2195363771460719,-0.6376797888759065,Class_A
-2.0713585661384446,0.7838396546447707,-0.25127416460519014,Class_B
-0.7746760334724593,0.37206378461959544,-0.596283186542643,Class_A
-0.5449134879110716,-0.6532610848409083,-1.180337487273444,Class_C
-1.7697323765619886,1.1300707378434134,0.550381113287177,Class_B
-0.8184691141208142,-0.3428256079482783,-0.986038007033779,Class_A
0.5114621077302766,0.6810612550850182,1.4100735014046855,Class_B
-1.8385988522570527,2.2805159038342175,2.130113809847195,Class_B
-0.8474784693821926,-0.3600712337159071,-0.45103014929205343,Class_B
-0.7000038016683181,0.44829163952637063,-2.0067082061117856,Class_A
-1.0610023754372775,1.3202060642274587,-1.0079311005284644,Class_A
1.1010325878081346,-0.3237700893158284,0.2882916874740358,Class_B
0.5886378352175392,0.14536630692095764,-1.7527659337100836,Class_C
-1.4301728615447349,1.8364911615848674,0.07457753175216153,Class_A
-2.484360731519076,0.7822912879753041,0.372146998884312,Class_B
-0.910081380923468,0.7909875708110132,-1.110198519590306,Class_A
-2.228434437712628,-1.4306636136195412,-0.32998958871096096,Class_C
-1.9859704713407185,2.4542737974277506,1.9089065074025202,Class_B
-1.420112785341888,0.33347221572557406,0.10775380800144219,Class_B
-1.2473901146731492,1.5189853236679043,-0.45536568668339517,Class_A
-0.985675587752182,-0.43812766116708957,-0.8718665715120877,Class_C
-0.2735907179983076,-0.2450027382477249,-0.496274280452085,Class_B
0.3589085262947942,-1.3307809436470794,-2.060236503456852,Class_C
-0.2707759639154479,-0.6163343604072021,-1.3815330797708676,Class_C
-2.029745617720018,0.09630626473255455,-0.8539213530531751,Class_B
-1.0391006995253174,1.0459201622564422,1.381119800196129,Class_B
-1.4220483908983765,1.938535443864741,-0.7162345519102827,Class_A
1.418864195339589,-0.021239064159605192,1.1827720272246725,Class_B
-1.1578704078712918,1.1312311100533297,-0.7960733288589964,Class_A
-0.8582462778732766,0.412756595472377,0.4137404050075013,Class_B
-1.4182310442199235,1.8092322005386592,-0.3635238774429631,Class_A
0.7705780924870673,-1.6872116686893834,-2.4856836577169457,Class_C
-1.298908410686387,1.841593795653779,0.24562172321300846,Class_C
1.008359010342864,0.6152613169694561,-2.0387183169104555,Class_C
-1.4629970302234658,1.164161494004568,0.8078133928415787,Class_B
-0.990097284672683,-2.204873378429639,-1.3272493266491106,Class_C
-1.3490845639842117,1.827327452224785,-0.9818453576991093,Class_A
0.36791336895207083,-1.503956716769212,-2.0299186217867327,Class_C
-0.8478741763098809,0.5570566545299023,-1.1869702551980894,Class_A
-1.6802913646964837,-1.6627486673526728,-0.6883528256233014,Class_C
-1.8662209137416346,1.6696349463673885,1.0776851673766918,Class_B
-0.453391276636425,-0.14384887630696208,-1.9456021929528022,Class_A
-0.04483384520545408,-2.1704370043417973,-2.148392840877542,Class_C
-1.5561355489331157,0.029185889805466436,-0.3128348431263912,Class_C
-2.1252788434857153,1.1275462463449804,0.6349603673231423,Class_B
-1.7784199142730714,-0.9489845175765974,-0.252305076398889,Class_C
0.05759783072760216,1.2965661610125538,2.416229860877789,Class_B
-0.8446690170642573,-1.861095103609959,-1.3920801265672451,Class_C
-0.7912942368363605,-0.22883808885382795,-0.9673706747640048,Class_C
-1.3156571764354545,0.7521992061045555,0.013667042490176584,Class_C
-2.2003366437891625,0.47993031471761394,0.35184756272600426,Class_C
-2.6969510328529234,1.3430621135311895,0.5768802436542123,Class_B
-1.6748134936664374,1.8741277598564157,1.7707750365796429,Class_B
-2.62229599882603,0.5390770283983272,-0.1565752981166426,Class_B
-1.3169858201634268,1.8736331482546489,0.3686238362320462,Class_C
-1.233213166126983,1.4033218986606517,-0.5746363414440465,Class_A
-1.3562214377938937,-0.034790657328941155,-0.08304310130072667,Class_B
-0.47547578289175485,-0.19693726360626385,-1.2742022514017448,Class_A
-0.6600643602693033,-0.1333332187056968,-0.02663337934750376,Class_B
-0.6266948659315522,-2.48030516505821,-1.9114723395147113,Class_C
0.0687286675902854,-2.397364322850245,-2.5973883499376993,Class_C
-1.4824721007199853,1.3718819457422122,0.9880360159399335,Class_B
-0.8490899609806286,-2.966659417773955,-1.8921719014570695,Class_C
-1.007523201025104,-0.8895484206360109,-0.9153108505757186,Class_C
-1.3657621025919098,1.5783542528650134,-0.18609097130946128,Class_A
-0.2646380416580414,0.06491432890303805,0.3468277516792576,Class_B
-0.15479319474130626,-1.1587460773798821,-1.9114813206125922,Class_C
-2.56588998972221,-1.430992374540054,-0.2108398622763482,Class_C
-1.3732388152011412,1.4227991502650217,0.12649323990899375,Class_A
-0.7672032465287062,-2.7595081395089274,-1.9631176598616733,Class_C
0.015700024316435135,-3.463241961670902,-2.7238610619249517,Class_C
0.5560880571867248,-2.336727948822344,-2.763998116797638,Class_C
-0.920414631123545,-1.3416964248111123,-1.1380101826777649,Class_C
0.951851734120049,-1.532126092806732,-2.8531895694836322,Class_C
-0.8020099745791215,0.18379899607769123,-0.1753862437297694,Class_A
-0.3692205985160103,0.40557421331763166,0.9641230903859099,Class_B
-1.39918222848972,2.2409978919886555,-1.4310355579874117,Class_A
-0.4983011498477903,-1.2814501919345163,-1.609485573443614,Class_C
0.36265080739935707,-1.7827019376023117,-2.3587775901039714,Class_C
-1.0184124621275135,1.2155964394103902,-1.3509145466880748,Class_A
-1.0341140806295346,1.1017668541228072,-1.2516624030824586,Class_A
-1.2848320192926652,1.3232828620225887,0.03203705131171675,Class_A
0.11526009387483271,-2.8363086863403066,-2.481834908338079,Class_C
0.08941367540683798,0.31571573180015355,0.95593665807528,Class_B
-0.18020335133291865,0.9092374013228519,1.4303095834316666,Class_B
-0.5303919404898877,0.26045881758356015,-2.5179430944715917,Class_A
-1.0567162850373053,0.5337040231889658,-0.12740716950369047,Class_B
0.3212499529785935,-1.7783013766109175,-2.3781169217698146,Class_C
-1.201997369553657,1.9405745391875144,-1.4209914820500127,Class_A
-1.8291851448241134,-0.743147095955878,-0.16393842824480787,Class_C
-1.6797904672281234,0.06967980415602049,0.003348089848575153,Class_C
-2.076350869905125,1.5317587716949799,0.4338583815056648,Class_B
-0.4836886436699025,-0.04301255999246778,-0.24095206360199262,Class_B
-1.4942919596529118,-0.7386276919741405,-0.6479663936270399,Class_C
-0.4042915121023186,0.38231871713002596,-0.9102666087876603,Class_C
-0.99592417283148,1.3694812383726949,-1.3907163503518158,Class_A
0.3149820688851088,0.914529508189691,1.3397845246152162,Class_B
-1.0111149012705152,1.0098338985065662,-0.5922359961195296,Class_A
-0.9052486323004695,0.8592275452783246,1.1191367521908775,Class_B
-1.025766176966211,1.004904954339153,1.1879672658638802,Class_B
-1.2544803881051596,-1.1874487226300499,-1.1507349380620056,Class_C
-1.776699190630794,1.5303981709134242,0.9181861137092588,Class_B
-0.42041897485975144,0.8673554235358001,-0.762740356256646,Class_C
-1.3253511985637747,-1.7179298245283072,-0.8800728268086511,Class_C
-0.9937041193000448,0.8365137344472192,1.0274573547294765,Class_B
-1.3016905709267805,1.9360849292255482,-0.4068533312165833,Class_A
-1.18024541133493,0.9025844380526162,0.9127040810122699,Class_B
-1.1934238311086753,1.4974957088430736,-1.280028635018241,Class_A
-0.9518885927732685,-0.43914876432617855,-0.956684954876547,Class_C
-0.2556243229795244,0.697453079265578,0.4483511085399784,Class_B
-1.5669556855597397,2.0034095172994584,0.2527659592195064,Class_C
-0.8003365667967894,1.223197460809666,-2.327373406523097,Class_A
-1.2129865287689163,1.3718903580449604,-0.6454098979559886,Class_A
-2.137383464916951,1.0068608659811409,0.44489051274575675,Class_B
-1.289870321445201,-2.1713339015450286,-1.2938178409753562,Class_C
-1.0394259051725419,0.06574958187901658,-0.5542872234419571,Class_C
-0.4954811778253869,-1.1641458930446587,-1.424897067100402,Class_C
-2.6257875468737293,-0.92635383773083,0.1296005436239871,Class_C
-0.15887905989461604,0.6034316832696274,-0.8945038627704055,Class_C
-1.1945650500207203,1.8545450050141552,-1.7593886913348178,Class_A
-0.34668202321438013,0.9784138868675278,1.5112552711779237,Class_B
-0.3948921178386344,1.1587722966402492,1.5262638299762754,Class_C
-1.3870679451427288,2.3534369314466446,-0.7197124037609649,Class_A
0.13678597149880845,0.5367312821332888,1.409698032613914,Class_B
-1.7580937572427566,0.46646339309640006,-0.14757869968856174,Class_B
-1.307852897918825,-0.31199895845832215,-0.4344534630548832,Class_C
-1.0012939650273216,0.8315723112836523,-1.1536602941165461,Class_A
0.3898307939277188,0.9800347597201934,2.0376782097418555,Class_B
-2.446857407844975,2.1370525428692386,1.548329873974357,Class_B
-1.0794995819426945,1.04994924462111,0.018711095659278754,Class_B
-2.1555877797526897,1.7148032333452272,1.565535430676783,Class_B
-1.772047645187396,-2.2788663679008323,-0.877464581764968,Class_C
0.9026692108267125,-2.6788415584982244,-2.962631259149604,Class_C
-2.7392641236874686,-1.0422185930039223,0.34294235340146684,Class_C
0.4831975236590609,0.4932729562748205,1.5639563348825676,Class_B
-0.8362289551958262,1.2065568584061566,0.9415768627627888,Class_B
-0.5666777635321887,0.16467468687004094,-1.8489701254446813,Class_A
-0.4524559390581725,-1.3777874766237668,-1.3258586766727933,Class_C
-0.2840265056259248,-2.242659131337946,-2.063973001758184,Class_C
-0.6062583670834656,0.47933797932669864,0.292909864335818,Class_B
-1.055821253564871,0.15292810280716185,-0.41836504638003535,Class_C
-0.8345696246590075,0.3751541385525704,-0.8437605227304462,Class_A
-0.6460385294916279,-0.12004208191737664,-1.1039623943425363,Class_A
-1.1469406974086291,0.5870369333869534,0.1741649057132113,Class_A
0.0781485545921039,0.9911757362317104,1.2035140147016805,Class_B
-0.7924188400046424,0.4092251692486464,-1.1632827852556686,Class_A
-1.1487254021663127,0.817032985064885,-0.5153698192575362,Class_A
-0.2527849436465225,0.7004218981624664,1.2856193592852427,Class_B
0.06805532836012507,-1.9173740599902953,-2.4808810946192303,Class_C
-1.335606938713977,1.8943066316212318,-1.3125186713681793,Class_A
-0.34882742766811203,0.12764063126362202,-2.1448511244861708,Class_A
-0.47449730643852694,-1.2989931290618975,-1.6458695393345253,Class_C
-1.15575951947373,1.171630592353682,-0.32707570231489813,Class_A
-2.112254223954658,-1.317328407128208,-0.2432167420946676,Class_C
0.12003978693190342,-0.9558696492057249,-1.6347159064126533,Class_C
-0.7014768549395722,0.6674641770557428,-1.4760840636483685,Class_A
-0.5587633109509094,0.20708400823803585,-1.607309309105049,Class_A
-0.639047951955597,-0.9061343048635383,-1.1509362865137254,Class_C
-0.34128275118785867,-0.9232113607303134,-1.1866524449134177,Class_C
-2.4270266457135605,-1.3874534503957658,-0.11717111987850859,Class_C
-0.9077829506970679,0.6881773913149045,-0.3007509239150643,Class_C
-0.7095369966525602,0.9400066795158031,-2.0632532767909884,Class_A
-0.7477411013965528,0.2371500827378341,-0.9427905312009739,Class_A
-1.1247000286731024,0.9360194976438831,-0.09981503078352771,Class_A
-0.872816727622809,-1.4258652465098296,-1.3478064889780217,Class_C
-1.6711631775114264,2.621597285621645,-0.7738705523951624,Class_A
-0.1629980793908522,-0.18984380177832327,-3.1975980744168497,Class_A
-1.1431696722445663,1.650775948472461,-1.023838691943063,Class_A
-0.6185752185113056,0.908361538588779,1.5383674366903906,Class_B
-0.9495274205050679,1.7934357281757904,-2.2041923791070612,Class_A
0.49325096627894105,-0.9952892523538776,-2.175213621673185,Class_C
0.8504722784196119,1.1594936860986278,2.8608595152263874,Class_B
-0.3793492246319532,-1.377435149126153,-1.6688238336285943,Class_C
-1.1417392499719294,-0.6248722172646306,-0.8883464804728366,Class_C
-1.1381616228915128,1.4273651477563174,1.2847278251308827,Class_B
0.20898278245480006,1.2179762694809382,1.9202118842682077,Class_B
-0.7033660656499587,-0.29149375537943056,-0.40767158202519604,Class_A
1.0227207910832452,0.4902456073232383,1.0846318889182645,Class_B
-1.1936505701753257,1.6119738928290164,-0.8270133682114361,Class_A
-0.5943935315915854,-1.4359034204930925,-1.7416628563886456,Class_C
-0.7120721165566122,0.7623233197667817,-1.9736304604731725,Class_A
-0.5638750829911493,0.16537669255232368,-0.752577616837845,Class_C
-0.8937584744257291,0.9534809484484398,-1.5898586032637878,Class_A
-1.3528814989379843,2.148129148488297,-1.6825398230009379,Class_A
0.503273236667644,0.1286913318746481,0.9607416425887791,Class_B
-0.9311143632420413,-0.9928683384607686,-0.9316371717139538,Class_C
-2.1335694816848783,1.4881135502995728,0.6465614463775062,Class_B
-3.1012401171270088,1.1931615382328813,0.06453709258796791,Class_B
0.08177332091330092,-0.6957192397369096,-1.5656163378340429,Class_C
-0.9030192489144411,0.4293760848754783,-0.34812825787907065,Class_A
-0.4805679826923097,0.17534959484628654,-2.407374161936458,Class_A
-0.2701195685356683,0.7281816475627152,0.9587613140645191,Class_B
-0.2121782608420274,-1.6956735103110556,-1.7916868482915471,Class_C
-1.2075666992350524,1.1251836152201018,-0.3035492984602083,Class_A
-0.07252349755287824,-0.1855990128141266,-1.565977665344107,Class_C
-0.72410035653824,-0.7814975580701605,-1.209391688047681,Class_C
-1.5591707730254973,1.1182078839134082,0.8832167201253032,Class_B
0.7418980263730262,0.5177505472963166,1.9817017512135409,Class_B
-0.5116534208378827,-0.23499852851919156,-1.5502842898522338,Class_A
-0.9344732366525217,0.393951706331795,-0.7172141013416362,Class_C
-0.41367150144657705,0.2070951223691173,-2.4666073353994387,Class_A
-2.556424750043644,-1.133169634056446,0.11151390236901726,Class_C
1.1484177143206544,-0.3261896271737539,0.46756949721078744,Class_B
-1.0807902740293862,1.0510415619428939,-0.6125397331222744,Class_A
-2.3177387828869485,2.1456759073089398,1.336430276031037,Class_B
-2.6096775869977256,-2.6148764811023897,-0.6472634773382389,Class_C
-1.4421661918747353,1.3051322515771742,1.3449859148259988,Class_B
-2.1489623905433044,0.5099867396065809,0.42793343031342057,Class_C
2.439457874936033,0.0008679248430576436,2.4617784404240943,Class_B
0.43756048872773,-0.4285496053513267,0.50446262536444,Class_B
-1.806296515065489,-1.785268986386418,-0.5659717958654309,Class_C
-0.3353249794389467,0.17466575093972037,0.34590959541302035,Class_B
-1.8546203241461794,2.7043739323914,-0.031602917452642654,Class_A
-1.2394798446324298,-0.85882538295228,-0.7876809064895252,Class_C
-0.5275539697143411,-0.26036727134059134,-1.3521772572407076,Class_A
-1.082533935202035,0.8579456026631592,0.5916266190733401,Class_B
-0.6899170774518742,0.5780112374438451,0.24473393053049664,Class_B
-0.22130117988911702,-2.0966087700758997,-1.9700916772394745,Class_C
-0.6059493352169134,0.37311848029850736,1.227156350999832,Class_B
-1.58346348621536,1.1933931421245405,0.3846088500807985,Class_B
1.058302118267505,0.1902694197052075,-2.1877175635965793,Class_C
-2.023500248712077,0.11003307561215636,0.09884156216036288,Class_C
-0.5732572418181131,0.7625617821222722,-2.588236607468902,Class_A
-1.181019966386438,-3.197404884119787,-1.875127525037414,Class_C
-2.2072622951833907,-3.276841030770562,-1.1506401820483543,Class_C
-0.42617746908626253,0.7281298188052351,0.7320681051172024,Class_B
-0.4959852403972804,-2.1342462731518923,-1.6759934525269862,Class_C
-1.2969081715852788,1.0089031361338445,0.2535249633570489,Class_B
-0.6593705667993599,-1.6853823692920389,-1.3179189715866082,Class_C
-1.3535166889291965,-1.2526316156232238,-0.7975227968418285,Class_C
1.8824241155702137,0.08685215726996409,1.571936476858494,Class_B
-1.447839047786683,2.249716019918755,-0.5649525969917737,Class_A
-1.3246142255747206,0.596072139480825,0.12264944104916431,Class_C
-0.9101777554038026,0.5080676715180338,-0.08263016740155005,Class_A
-2.5260700883703153,2.246221874503423,1.729123122179854,Class_B
-0.14083989919395767,-0.608536558859313,-1.4941782458405808,Class_C
-1.203031867878999,0.8665032227105167,0.11130110854565656,Class_A
-0.6492390080230142,0.1268793967486328,-1.3462749832381498,Class_A
-1.810550869039599,0.9470450313565074,0.24100292046693184,Class_B
-0.9030558043498806,1.1409898474703697,-1.5917262033208437,Class_A
-1.3870241937495145,1.7422843800285803,-0.37257361710415837,Class_A
-1.0220270171360228,0.46502715229157054,-0.7986336919896266,Class_A
-2.520313253409072,1.724882322957362,0.9276619911833848,Class_B
-0.2914477558327977,-3.872111211930242,-2.5685394428378103,Class_C
-2.5913088409976517,-0.7086392178230079,0.07774682527380583,Class_C
0.2223489255430513,0.06971109417542343,0.1267344460735399,Class_B
-1.6700559397117338,0.7494324233327152,-0.18656631300490112,Class_B
-1.43909532298459,1.7238913070658737,0.18103146880982957,Class_A
-0.603257203708012,-2.0022152385129175,-1.573708584832589,Class_C
-2.4503438567874256,1.6684726956124134,1.3033387948487538,Class_B
-3.167425401670572,-0.3833109406609887,0.9709677685806322,Class_C
-1.3526240865404469,1.7110071736383934,-0.4854900686992475,Class_A
-1.0040646184570563,0.9347061153487174,1.2062926664437645,Class_B
-2.1035699531400276,-0.23181727789960582,-0.07377899399535115,Class_C
-1.119326642055821,1.285741651283823,-0.9309566224701853,Class_A
-2.8167784908108593,2.3277199883385387,1.4886990809101663,Class_B
-1.2734235802083442,1.4312909052037492,-0.4633863210747272,Class_A
-1.0347436397963052,-0.7630059673671099,-0.9010001449424337,Class_C
0.4272459530048869,1.6752553241744788,2.685670831514657,Class_B
-0.30458066998230215,1.158843518470887,1.4167267344724976,Class_B
-2.0287626793646827,1.4512892091572558,0.698516604736784,Class_B
-1.4251742486180896,1.8329426155722395,-0.284233834991259,Class_A
-2.804610273335527,2.2101841646492737,0.44804643194374494,Class_B
-0.71618123376468,-2.026872492702692,-1.59350182437225,Class_A
-1.1138235520222182,1.1501159103157768,-0.8291118995507039,Class_A
-1.6977746724211147,-2.056234309202954,-0.7645029813317044,Class_C
0.14292828574567085,0.6245448761971839,1.21594371794863,Class_B
-1.5101793887240476,0.8914457739653893,0.6457584108761467,Class_B
-0.7960297397884463,1.248093761241328,1.5429863464255558,Class_B
-0.9249364078004138,0.9972664579391463,-0.5819821581326547,Class_A
-2.589163106004915,2.0694928035147395,1.252535357409749,Class_B
-0.5394668210353581,0.44383900328844006,-0.7488874885276071,Class_C
-1.251506532246416,1.2102848145231089,1.2450745552396547,Class_B
-0.41079473632038954,-0.02112376147331374,0.6070651695990676,Class_B
-1.6419925142466005,1.5840167164677512,1.1932941434278872,Class_A
-2.694262238727125,1.3314046700711348,0.2733438833306555,Class_B
-1.214505977113189,1.1738721915683532,-0.6035040886641265,Class_A
-1.9107989937856757,0.7623679033664622,0.14020765157266268,Class_B
-0.6978112333408057,-2.1275894568281744,-1.917909163516809,Class_C
-0.20156803907003695,-1.397257417196879,-1.6939776743523822,Class_C
-0.5565164625314425,0.5513738098093703,0.3012444155304599,Class_B
-1.3668657146002265,1.624451185711591,-0.24596189871342378,Class_A
-1.567235869867948,-0.6490501789161016,-0.7013652272996606,Class_C
-1.3427541420154494,-3.6220409585632436,-1.7417807187872247,Class_C
-0.9752181532722268,-1.799640024243958,-1.1450571542266388,Class_C
-0.12533137780361026,-1.5122709260084983,-1.9319026115571023,Class_C
-0.7098064557926385,0.34896498707669865,-0.702072002904693,Class_C
-0.7718740087153553,0.3654278685638993,-1.2132540752917662,Class_A
0.5970563942264098,-1.6527368901670798,-2.4055214073021434,Class_C
-0.06030056526862215,-0.6588083035716883,-1.512316281914846,Class_C
-1.1886494152204938,1.5296462291775592,-0.5109787499204217,Class_A
-1.3651373064012886,1.5338430091672488,0.5982835157460225,Class_A
-0.9375273698219775,1.597620888432331,-1.9242558320742051,Class_A
-4.285984494818177,1.6981984895607667,-0.45586084198260846,Class_B
-0.16855671318076304,0.2570689097713027,0.7161718570296811,Class_B
-0.6494712091585226,0.4842332738938204,-1.6612831325773914,Class_A
-1.1983713659868975,-0.0751783964234517,-0.1267444971166516,Class_C
-0.8809563850649706,0.1658713162125568,-0.5181291443044587,Class_A
-0.9623038515391777,0.6671507453947527,-0.35422441164834684,Class_C
1.3326000907131155,0.5952119849907472,2.1083545396278547,Class_B
-1.5654803237227826,-1.4244703647767967,-0.861296406762271,Class_C
-2.215819542677597,-2.1477609152450334,-0.3952037094481383,Class_C
-0.9440919423444362,0.8888644787530743,-1.5835785675322196,Class_A
-1.4807474488672128,1.911965176493612,1.4829768841152569,Class_B
-1.203053731305983,1.0719925402056654,0.809957075821939,Class_B
-1.6555234639377812,0.7041551879958268,0.11752615842364367,Class_B
-1.3258078157249833,-0.9265480805725728,-0.6498319577028946,Class_C
-0.954455363900217,1.2529915083530532,-1.8785530724601407,Class_A
-0.8816345005567057,0.975934941986768,-1.7113826870432762,Class_A
-1.3735663632183297,-1.63707793869601,-1.3626329227698968,Class_C
2.621153395532631,0.2841019380382881,2.404336628767472,Class_B
-0.7606806318423692,0.7299441240091582,-2.2422047914645917,Class_A
-0.7076416346977515,-1.2309155923506403,-1.2669912049495728,Class_C
-1.1556647805540718,0.8315807163438157,0.0395915478164488,Class_A
-2.626875863216913,0.8323346118897483,-0.5312909607112446,Class_B
-1.8561949424559505,-1.7587060205158145,-0.7815987967535623,Class_C
-1.670809619662014,-2.3441119947608797,-1.154314678024661,Class_C
-1.7455213676657042,-0.013260728491810814,0.03825125819709174,Class_C
-1.8773608420177683,-1.907929242222899,-0.7968901875554544,Class_C
-0.7305421513857951,-0.8228400772783984,-1.08208681351158,Class_C
0.09268916213705714,-0.0007016223014411072,0.5753410114383846,Class_B
0.029858264575895577,-2.4596014544064615,-2.2599435217446926,Class_C
-0.026174626697514913,-2.1284839385417333,-2.152184481697204,Class_C
0.6689159106428184,-2.5364035122499757,-3.097123016653903,Class_C
-1.234894115766931,1.538856170925695,-0.66412016399496,Class_A
-0.693894819932584,-0.7817277632312589,-1.277262422585112,Class_C
-1.180905129735172,1.4972950273418908,-0.7571198877705918,Class_A
0.20198048534782354,1.0979845506468116,1.7800347425610445,Class_B
-1.4073688305369585,1.7337236434848293,0.2820564630372524,Class_A
-0.47820174891454736,-0.258900871648607,-1.5054854527195611,Class_A
-2.301800843751147,-1.7531983943174867,-0.23144714790198895,Class_C
-1.288836575164104,1.05634779392304,0.7891174273263013,Class_B
-1.8344605016964501,1.1784107462089906,0.46234313322379883,Class_C
-1.6578420679289683,1.0479171737189652,1.2053653982501442,Class_B
-1.5387859341791863,2.775508679452977,-1.1839381360430785,Class_A
-0.7727056724957748,1.044667497027964,1.092110026451731,Class_B
-0.7294985062457252,0.5345309632651778,-1.4061667944082563,Class_A
-1.0421693777966072,-1.1241129724904453,-1.1751791878656188,Class_C
-1.824791538659091,-0.741240730744287,-0.2473358260308085,Class_C
-0.1506201720751006,-0.14018129589474793,-1.5330960523190846,Class_C
1.747761568494067,-0.7529543506389051,-3.158008034341178,Class_C
-1.0044152122396766,1.483059554560373,1.7305797917049925,Class_B
-1.3074670755425892,-1.6864035702007114,-0.9403027256038022,Class_C
1.1543483773294945,0.08225570431874585,1.121448288626504,Class_B
-1.067376866353757,1.0644434838033874,-0.7413126314200799,Class_A
-0.4734512291070031,0.18359999569039487,-1.739825606804763,Class_A
1.2920468740080144,-1.2776306441759873,-2.7184548815018,Class_C
-0.8927597372356199,0.780959959488987,-0.9017246864180154,Class_A
-1.4756809087254916,2.196052138151309,-0.23236369377630972,Class_A
-1.9510792511840007,3.1004132975273047,0.07821133677506409,Class_A
-0.6865460161256262,-3.9435075975211853,-2.283298332909684,Class_C
-0.4767539611094329,0.666144821121623,-0.8187320552487143,Class_C
-0.31804714845901627,0.25737171737266795,0.9897539193403143,Class_B
0.02339180732249746,-0.003335804415672383,0.5250418809847943,Class_B
-1.6387283479773607,2.1133705291126423,0.35168738584405346,Class_A
-1.4782006701310115,2.3502502280497692,-1.1080539458652339,Class_A
-1.081044115398407,0.7222573828256604,0.2635932688101994,Class_A
-0.3273459363410215,-1.5192353105457526,-1.689718577907893,Class_C
-1.199786519933601,1.3854117265999006,-0.7489443485439249,Class_A
-2.4786583385500514,-1.1842974333734049,-0.018571751590200525,Class_C
-0.8852727787159627,-1.1880448474680882,-1.2786535286234468,Class_C
-1.1234304267806297,1.520738281234192,-1.218709006512707,Class_A
-1.9156504734400375,2.0743372384860663,1.7004776614471435,Class_B
-0.49302502118857316,0.2762994177418694,0.6193086046969758,Class_B
-1.2782191298956973,1.9748965069476534,-0.9796337105738849,Class_A
-2.4731594685083245,1.7801977944526712,1.010315765934379,Class_B
0.11038592484388898,1.47545434188382,2.149954247959892,Class_B
1.2346758377149722,0.43150616760708493,1.7482417727821515,Class_B
0.09733470970492064,-0.5564657109894291,-1.6438275210635585,Class_C
-2.0526857078914826,-3.2407869989190567,-1.154912300427036,Class_C
-0.06386836320071354,-0.21080197729027472,-3.664032528969812,Class_A
-1.979986211135612,3.025511404907888,0.24440331801807158,Class_A
-0.713136767763168,0.38975036686844844,-1.6033320803235922,Class_A
-0.47368899238251194,0.0062657703453816715,-2.2146433244100594,Class_A
-0.5875237304805121,0.26908549326530284,-2.1349289697303178,Class_A
-1.1343352862977811,1.4946145081858453,-0.9977128334976534,Class_A
-3.4558555133859077,1.88698931321361,0.7924793154728478,Class_B
0.4984326588504391,-0.409944941816502,-1.624477061832713,Class_C
-1.6496189390707818,2.250549009078408,0.05322355822209124,Class_A
-0.9893311115580636,0.9869410003587562,-1.0457008569786699,Class_A
-1.271568994516763,0.7763801146272578,0.6063978999248643,Class_A
-0.5448714296285859,-0.07873968425950162,-2.0545268100754726,Class_A
-0.8435525407039626,-0.15406436216820563,-0.31279350067535194,Class_A
-1.3871630721639352,-0.1893654331667336,-0.30089993118684166,Class_C
-2.4693955211560263,-0.45840430955553935,0.0043775271969448415,Class_C
-0.3976220579370978,-0.3968783939559746,-1.1962012732372378,Class_C
-1.3557916515886062,-1.9272680581740111,-1.1692705995962251,Class_C
0.3083241973250128,0.07982949916387583,0.5779153004617328,Class_B
-1.607334607632086,0.8291817625439963,1.1566571165963873,Class_B
-1.6792946631133479,3.0997991205621114,-0.981344360533132,Class_A
0.9526116656444599,0.3458041782876484,1.935845658018876,Class_B
-0.2348122564909988,0.3855119216594176,0.9587543760783113,Class_B
-1.9217259690988047,-0.8027817996381107,-0.318378326093286,Class_C
-0.5264849689023845,-2.490434872900532,-1.9388334327685026,Class_C
-0.3529431656959702,-0.4153289722117388,-1.122306716862201,Class_C
-2.5324967850890667,1.4708509035013522,1.5166932072284025,Class_B
-1.1419564793459778,1.3794529805226172,-0.4128094151887586,Class_A
-1.5347469522730472,2.32345632444234,-0.7237020542798579,Class_A
-1.4079138781853247,2.0280988573946477,-1.1615764169078322,Class_A
-2.4545477127053057,1.8240307214247995,0.9988668841398792,Class_B
-0.5437382227714519,1.3186913227606882,1.5663976587841484,Class_B
0.07136468005813801,0.5779625796811485,0.6372331046493721,Class_B
-1.057657770793801,-0.5341764508381681,-0.41463450658928236,Class_C
0.5007946245528767,0.9770198795047214,2.027398999754971,Class_B
-1.536993519255057,2.2715148569299908,-0.29082212039631494,Class_A
1.0084084084963432,-0.09352983989980967,1.19515803766714,Class_B
-1.1926281195804112,0.3119336820471723,0.6023546667897262,Class_B
-0.9001198889824306,0.7361071507331972,-1.0351812542294563,Class_A
-0.3673943919597149,0.8934069858664943,0.9261081425968507,Class_B
0.3407716792656521,-0.6325672006902091,-1.792539819258495,Class_C
-1.1951910622598199,1.6945909092316591,-0.9317973074287432,Class_A
-1.673279214542018,-1.0252194038127347,-0.5536096858140307,Class_C
-0.956753264751761,1.1387284858179911,-1.1542296199806268,Class_A
-0.811721156106507,0.5274366245257189,-1.2866625580377558,Class_A
-0.30513019707412325,-0.7273890773612848,-1.3769509173589884,Class_C
-1.9861981131490953,0.21974396607168,0.44527728412277456,Class_C
-1.9826390359557593,-1.4698187796222209,-0.3637877017645077,Class_C
-0.9870685725686438,0.6856867513969973,-1.0009650722096746,Class_A
-3.7823950304458074,1.860844699144181,0.498296012274412,Class_B
-1.126170911783818,1.176317125465641,-0.7273928930237705,Class_A
-1.0392961846155329,0.8616968771277991,-1.0551862816147417,Class_A
-1.1837984976170475,1.7049583855926547,-1.058548273598618,Class_A
-1.272373826418176,-0.197483077392419,-0.8384387083404616,Class_C
-0.7344261238161129,-0.1271292163447909,-0.8201416989337578,Class_C
0.3472533607311301,0.3442551117031182,1.0839303958640223,Class_B
-2.486194382576696,-6.685487037483284e-05,0.5268692030732209,Class_C
-0.73352854535618,0.7111314980399737,-1.7731158157037434,Class_A
-0.16668672499604575,-0.056305464032730956,-1.2260437057720988,Class_C
-0.9573003459444382,0.9313269449089173,0.8643101337144412,Class_B
-1.1071804882018421,-1.5269428451618658,-1.041566644592806,Class_C
-1.0271022338588975,0.929043331614424,0.8596120782545207,Class_B
-0.23217141872701674,0.9820057629986112,1.3580024518478315,Class_B
-0.693377435125365,1.7591962452455658,1.0552698239150533,Class_B
-0.5597255829417515,0.035050220017894596,-1.6057889063402397,Class_A
-1.0947150202803129,-1.5956595236269993,-1.278026464333393,Class_C
-0.7498603949848086,-0.7134631538244525,-1.0197103882173082,Class_C
-1.0376564158926171,0.3741563642338508,-0.28077407356381845,Class_A
0.6739251922148506,-2.3776428063481294,-2.694172402886049,Class_C
-0.005317441526907607,0.03835503634876525,1.335713686728592,Class_B
-1.5031311777628207,-0.1702014044125122,-0.22877894780638053,Class_C
-1.2087117788831845,1.399681426055734,-0.361007445839303,Class_A
-1.4129724842529336,1.5162202716817272,-0.37114919881197683,Class_A
-0.676607438792899,0.7327562684759674,-1.837463763402638,Class_A
0.47526245399171785,0.0233286880000112,1.009593228736006,Class_B
-1.2115746010874344,1.9050892876038752,-1.597862029776989,Class_A
-0.6683464963487606,0.32687500073883724,-1.95715599319408,Class_A
-1.1254940607377413,1.6919216568208495,1.9912751993770617,Class_B
0.6894657668239002,-2.247862898936403,-2.7583620667265674,Class_C
-1.281536859275649,0.5996501423664538,0.9758112306619395,Class_A
-3.503220698239111,1.3616597362814313,-0.09953421030229448,Class_B
-0.10351029151221625,0.8363211134795957,1.1087267562185361,Class_B
-0.6676354020678977,0.08826576532353336,-0.9984073360660615,Class_A
-1.163994885979744,1.5942594480396888,-1.1216712584090311,Class_A
-0.5613913976302897,0.5154226859346848,-2.0710391924459746,Class_A
-0.08336217167099613,0.38709670280672326,1.1871893121147394,Class_B
-0.3952834642639893,-0.06362707448092153,-1.1439811499636525,Class_C
-0.5994892738874729,0.34928992401750536,-2.2225832614043064,Class_A
-0.8303284827769466,-0.40853072299871096,-0.1271475546591696,Class_B
-3.9619848311203123,2.3038238321082414,0.44029589080348086,Class_B
1.159521108266472,0.9253850547528855,2.5844217382236745,Class_B
-0.7174522215208436,0.15499132693815332,-1.1446519981771692,Class_A
-1.628740481645678,-2.3752084839914476,-1.1299327256109113,Class_C
0.0398348852823478,1.6331379153574217,2.1653321104915806,Class_B
-0.2227104562891269,0.09914793597510885,-0.8056785210443472,Class_C
0.8946107822234108,-2.9795770492965437,-2.9328152700970564,Class_C
-0.8266836981540842,0.12466771091125117,-0.41493814311098487,Class_A
-2.253882658067842,1.7515067302290492,0.5975424860599544,Class_B
-0.9914273027764521,1.7149232933865095,1.6417119178568684,Class_B
-1.364900126565335,2.052724844939843,-0.35905642398717763,Class_A
-1.1578919577038187,1.5185353151456011,-0.7000518919117881,Class_A
-1.0816121097360651,1.050422148088957,-0.008098743080953152,Class_A
-0.7541186228632809,-0.06687925059720179,0.36800606823520154,Class_B
-1.1536982045875885,-0.24731408145544975,-0.5239433789444213,Class_C
-1.031774190186735,0.669600017322981,-0.5447055450985339,Class_A
-1.0113450863417295,-0.8717284017804663,-0.8220116168032291,Class_C
-0.45417669822382667,-1.7023871903946606,-1.6521704258020793,Class_C
-1.26107621725418,1.665328014907134,-0.39092355259525746,Class_A
-0.5320568216136912,-0.21656842862265435,-1.5181584729360988,Class_A
-1.0839373938042725,0.9495220093173242,-0.5320282981422428,Class_A
-2.7194428574160225,2.073482742202366,1.0361559791656452,Class_B
-0.30549538275709665,0.6985997574334124,0.728296320517223,Class_B
0.7952928570751092,-1.6374980198060558,-2.7255517000828733,Class_C
-0.37960116278986566,0.6305112660677156,0.9448301862816995,Class_B
0.2526299159282581,1.2217479934454556,1.786300680149934,Class_B
-2.292894949294764,0.2093124434729341,0.3433588234511915,Class_C
-2.294763447780541,-1.191431270318987,-0.2509307426601458,Class_C
-0.8864971500882284,2.2975925095985934,0.2896313371900805,Class_C
-0.7170315550561763,0.1502274769112527,-0.9718470066008701,Class_A
-1.6318206773399226,0.9783466712729615,0.5622960396861405,Class_B
0.19353338102886775,-0.2730678061797298,-0.4849828741567219,Class_B
-1.622660872867537,-0.042494740479205095,0.08626658108270235,Class_C
-2.025945775495245,1.8048762615647416,1.4521309975995822,Class_B
-0.8788483756194676,0.6246840278966749,1.064967586775386,Class_B
-2.172764575929475,0.13432338841607439,0.42783712048631917,Class_C
-1.5861055998919615,-4.276907881136559,-1.6554642538512025,Class_C
-1.7591051253212444,0.5227537304080639,0.018634204484507588,Class_B
-2.737136893209746,1.277101860213493,0.3830265157263373,Class_B
-0.09893721100428898,0.6704662810152417,1.6322848034172508,Class_B
-0.8282392038068696,0.7829857310846691,-1.4030309348788124,Class_A
-0.8160358288407166,0.587275334024754,-0.9235961215966593,Class_A
-2.213084963037271,1.6785790320800518,1.0526397012746798,Class_B
0.47693368304671857,-1.810409621697242,-2.521902606529837,Class_C
0.6178344309923696,-2.794835918458793,-2.724574787470197,Class_C
-1.232414500344743,0.8991511249808372,0.057974661443361386,Class_A
0.5926631115585765,-1.3540595101411097,-2.3952894570372063,Class_C
-1.0875960389276025,-2.4207421837304657,-1.5615710669962979,Class_C
-1.0275172634720102,1.2876558843506956,-1.1026960114378188,Class_A
-0.25235489823314994,-0.44651919268166074,-2.7784699905129178,Class_A
-1.2057748443973397,-0.6617741521999647,-0.5972408245921523,Class_C
-2.0542105373653006,0.6694955090347202,0.00936490017659719,Class_B
-1.1000987493079735,0.7591032115043342,1.0813592950328725,Class_B
-2.2355354136569483,1.273884098261839,0.08673029891363904,Class_B
0.2142879231785222,1.017014180977279,2.302850554285671,Class_B
-0.6027581259405232,-0.9685586421051634,-1.1353802385774594,Class_C
-0.683296648214245,0.34564995047543623,-0.8422225898860857,Class_A
0.7276314519475231,0.6469458126117689,1.5010291741666832,Class_B
-0.09566147245839918,0.48669576411594706,-1.403072862081413,Class_C
-1.2219155494697245,0.5117841190966843,-0.12232053229125728,Class_B
-0.12658592085354692,0.5838378862536195,1.1035070579477564,Class_B
0.7919264652203897,0.503624505172471,1.6898298958386144,Class_B
-1.1312877568359576,0.9583321662800348,0.77396701071319,Class_B
-0.6982895332507084,1.1023867865888637,1.6509736646632276,Class_B
-1.7296703297453595,-0.3249860332429374,-0.27686217862441476,Class_C
-0.31489581543060663,-0.34904494517004814,-2.111200569331279,Class_A
-1.1774818407077563,1.6105087396684457,-1.3370588866572346,Class_A
-0.043004251323857656,0.8876759480869075,1.520906829695246,Class_B
1.050432673866756,0.5156362970385713,-2.066587961859063,Class_C
0.2354814300477368,-2.048920583588611,-2.5209284520017414,Class_C
-0.816566118149663,-0.16379675555694484,-0.07451722934095029,Class_A
-0.8745269839020935,0.18491683642502565,-0.01742363617551601,Class_B
-2.079825220538797,-1.0509663680645822,-0.06277085595157983,Class_C
-0.19246206883593886,-0.3108477030939629,-2.6613479854445288,Class_A
-1.2003763926806588,0.877176138998621,-0.005332675701751111,Class_A
-2.6075430471902825,-1.7368168105173054,0.04076381915953253,Class_C
-2.241182128202004,1.4549774526455648,1.1027645729611963,Class_B
-0.5374073913849456,0.08887911661828307,-1.8379962461644266,Class_A
-1.3379821216371095,2.1854379241529873,-1.5277057975887172,Class_A
-0.4239093870436864,0.6180915580639812,0.9150076405899892,Class_B
-0.45975564240853917,-0.6790783870393655,-0.9176053469220987,Class_A
-0.753468236380322,-1.8010073452350093,-1.513155004945706,Class_C
-0.7874857507606685,0.48372871232415926,-1.4893206281352036,Class_A
-0.27285769534399407,1.1640233782997662,1.7808248394174977,Class_B
-1.4746659690902484,-0.12940657271334588,-0.2447303787664704,Class_C
-1.7006687675198862,-0.4996798112535734,0.16740864980711478,Class_C
-1.1917134318297398,0.7903365881750951,0.8225590406603147,Class_B
-0.2937056170493443,-0.6794455078356862,-1.5415666646863744,Class_A
-1.0479195359074345,1.0809378578247753,0.9969321953225281,Class_B
-1.0517058223176736,-0.05582859559476916,-0.4575982074033196,Class_C
-0.513371785116957,0.5107266044381424,-2.908959751055267,Class_A
-1.111334935969176,1.4394028051616177,-1.1034726418952565,Class_A
-0.9893262822727026,0.5080391055574863,-0.3225254147766601,Class_A
-1.1708165589332258,0.18151494451146355,0.3259924075742975,Class_B
-2.3123325566455493,-2.0009120855918234,-0.4932935580809774,Class_C
-0.644042210538683,0.5433722753100763,-1.6438364149600684,Class_A
1.455579104461831,0.6001488681633511,1.7185535922373907,Class_B
-0.8171014882667313,-0.38385507555079446,-0.9780123683934284,Class_C
0.05140699472280863,0.46723474250090535,0.7046721090496297,Class_B
-0.6262402311077633,0.07537493329528389,-1.6986323704565502,Class_A
-1.3136578835710133,2.0009817069577145,-1.2200311403178834,Class_A
-0.9725452895616978,-3.287784369168261,-1.9366051065684216,Class_C
-0.4580164589734136,-0.8364760723783844,-1.2072117111810263,Class_C
-0.9265548525163324,-2.492757880420985,-1.5790436401062193,Class_C
-1.438925687909454,2.0145766983804574,0.4517877510701829,Class_A
0.5045110631842205,0.7587162002233784,2.2634364199245853,Class_B
-1.0310670437004497,-0.09046656554012966,-0.682212493420253,Class_C
-1.8410927106364183,2.2209446640402595,2.09556895752725,Class_B
-3.049384420748201,-0.2552827875036683,0.7191745373310678,Class_C
-0.23670721964595676,-0.4678701801093552,-2.7825380969942017,Class_A
0.1524920810876702,-1.7328944377723294,-1.9682863831748159,Class_C
-1.4533361360360701,0.6962871409729572,0.37102050415645216,Class_B
-1.2678889705554064,-0.6829035667223751,-0.6707797865586522,Class_C
0.6862772805212878,0.3504898653363675,0.8894172173297851,Class_B
-0.7173559148421875,1.0325489785929594,1.0018525280729822,Class_B
0.15929194917586287,-2.6798324302918273,-2.7564661109471933,Class_C
-0.5737939745915117,-0.31862192661673006,-1.37559241815097,Class_A
-0.7165919983411899,-1.808099830231532,-1.343819887414862,Class_C
-0.8442067049322597,1.2707045837265112,-2.2868664252573696,Class_A
-0.04298395753039963,-2.42355279876411,-2.206171258258826,Class_C
-0.3376720594210679,0.5419173132204528,0.8706053201391685,Class_B
-0.45965209765366544,0.9358403936366992,1.4593106889275347,Class_B
-2.424795509611788,0.7085179817258298,0.07972480180581998,Class_B
-1.3526169936886832,-0.7163566465892196,-0.8603332644446614,Class_C
-1.3820674298709543,1.6435392136750475,-0.07754571953055389,Class_A
-0.1314004253879444,0.3826181488670244,0.8548539400213367,Class_B
-1.7484723802085538,0.925580285345455,0.6640068592730554,Class_B
-2.09718160306405,0.1360885656595623,0.13439953391628046,Class_C
-0.9079160805520102,1.341321231137266,-1.969514310592852,Class_A
-0.739862700759863,0.3323808442828483,-1.296042614384402,Class_A
-2.4461920230624745,1.2178701881961342,1.0513247573870061,Class_C
-0.7426320516673055,0.6464178213127493,-1.221839840529362,Class_A
-0.5274439409490992,-0.6729267478444919,-1.1590209098642597,Class_C
0.9138259606024524,-1.571623210874448,-2.8319399284741515,Class_C
-0.3783647201954845,-0.9867730885815641,-1.522761081809143,Class_C
0.7108360928802411,0.11453418029735052,-1.7727533114519756,Class_C
-1.2718263325994323,0.6815750922305859,-0.1848500720014461,Class_C
-1.3826262438566146,2.1473412815407165,-1.0029808984142456,Class_A
-1.250566753022314,1.877546338863574,-1.2054052935611674,Class_A
-2.2867897324271595,0.9860059651955807,0.37349738328992654,Class_B
-0.9080062758420948,1.1866432971297058,-1.912194267631385,Class_A
-0.8907752573301244,0.49970426914964394,-0.6960839329474644,Class_A
-0.8171517729595326,1.4521402794781846,1.5731037764077729,Class_B
0.680158717242219,-3.2454155007774528,-3.1534153621104712,Class_C
-1.5164740587882206,1.6140666840621312,0.5088983265138554,Class_A
-1.2853631887362353,-1.7914467059606682,-0.8946204310219661,Class_C
-1.2628368768546863,1.5954054014050316,-1.1116795282921106,Class_A
-0.4871554837755008,0.8744528534823922,1.1684431756392022,Class_B
-1.2102281758481856,1.5696787603329034,-0.6396776480143089,Class_A
-1.2340452575013348,1.746427676974386,-1.201581211674217,Class_A
0.5246637732405284,0.2042870793719389,-1.6403498672992582,Class_C
-3.0241975405874935,1.585085312696621,0.6496100391114132,Class_B
-0.5802163616902445,0.42495660539783264,-2.1856490891967875,Class_A
-1.3282837467906106,1.6917407901341464,-0.01952154472253964,Class_A
-1.2159955030305243,1.1236502119393683,1.0154453270189174,Class_B
-1.1096492747839761,0.40340213424485294,0.07954668421267086,Class_A
-1.403825230749223,1.3655851426765793,0.5469370969348255,Class_A
-2.1722227938847785,-0.9509262104987422,-0.04910560175640466,Class_C
-0.7083348159161926,1.087972292415291,1.2560764067197803,Class_B
-1.2069009394127748,1.2786601324536067,-0.011722010905850233,Class_A
1.1760526507585305,-0.7829777963615959,-2.352305791978882,Class_C
-3.074702488992612,1.6283326396816094,0.6971329033531772,Class_B
-0.9931716469587873,1.381527703837312,1.6027972130780512,Class_B
-1.4998476274302561,-0.694257452665974,-0.7227863249928602,Class_C
-0.9760011349754524,0.8594553701686584,-1.0787043881342622,Class_A
-2.481609073606106,1.6488577914978775,1.0655873690555508,Class_B
-0.3599889169478626,0.07221612564121727,-1.1611747760856255,Class_C
-0.6445336367475303,0.44349117803349636,-1.5699665069249171,Class_A
-3.438743116201298,1.2432197956561768,-0.025153479932646272,Class_B
-0.9073866927286769,0.16149209435361112,-0.5225687448330332,Class_B
-1.550026031234081,-2.968991026158798,-1.4388176746850516,Class_C
-1.4940330668129158,-1.8019609468498046,-0.902702346495569,Class_C
-2.0339295430142927,1.159919390108012,1.1531330867408993,Class_B
-0.5214424103148299,0.6245501142436227,-2.8167399234553248,Class_A
0.05242189593745605,-2.4887323669506163,-2.3879637520641896,Class_C
-1.3170673339265813,1.3077008320257835,0.6184453071929544,Class_B
0.7336714332991261,-1.1885996534136605,-2.2578799757071923,Class_C
-2.3068077432307064,-0.4347429368657705,0.13384567704091754,Class_C
-1.139014449586767,1.4568095481298011,-0.9080067945981154,Class_A
-0.8453789154239574,-1.3286366048792262,-1.3612878526365289,Class_C
0.05177091648643661,-1.7770268689932165,-1.9380648425257565,Class_C
-0.6756190863825369,-0.12044085139725558,-1.0627345189453248,Class_C
-0.09396889529367003,-2.895751753711531,-2.4162103630226954,Class_C
0.19162336477592823,0.30195666466077076,-0.0246955677681151,Class_B
-1.1839095096509478,1.5340700056227783,2.2149412223694442,Class_B
-1.1732178541427336,1.171271645400016,-0.3221777537961156,Class_A
-0.9180273601499636,0.036288927154837225,-0.8033121724122194,Class_C
-1.0492761058802778,1.344895252007818,-1.5585686786626298,Class_A
-0.7712822021581418,-0.2648017109956835,-0.7385539529632416,Class_C
-1.20121700344724,1.2720599723242116,-0.6386335207588683,Class_A
-1.2021977001244437,1.452104485312264,-0.8543896632264351,Class_A
-2.3555180593875003,1.643361844848609,0.3778936740092991,Class_B
-1.7301135901561566,3.0585834606396993,-0.8728491098757536,Class_A
0.24418038979890055,0.4606026089295785,0.9623080436941788,Class_B
-0.7782389869138916,0.6303865744998782,0.707560239233798,Class_B
0.6429071245439106,0.016470554597632914,0.8810394475353831,Class_B
-0.6678304063307825,1.2451604267957814,1.3419381756498816,Class_B
-0.715217178242739,-0.11263345613506925,-0.9643676111726209,Class_A
0.12512097809072764,-0.4508958305772671,-1.706142756598949,Class_C
-1.8047771882859267,2.1426492688743473,1.0960393311796417,Class_A
-2.351794028564634,1.2610436450305156,0.6126464580155633,Class_B
-0.6196994641009175,0.40684650400043243,-1.5265723617342744,Class_A
0.022306863932552323,-1.5571675818839803,-2.1157742509649147,Class_A
-2.3085688772144577,1.87639732883293,1.2156765736343293,Class_B
-1.6643866438450552,2.344532268041039,-0.10879438807780206,Class_A
0.6280343791936414,0.2954609187424042,1.5866930869093225,Class_B
0.6643649148734143,-0.8940703402157799,-2.292099221355941,Class_C
-2.431836601421705,1.2394661523871684,0.9642917663400437,Class_C
1.9745916826929721,-0.823368297463615,0.8826369735499812,Class_B
-2.4645457756279843,1.1352243569396903,0.41319875232374226,Class_B
-1.0230970869026534,0.4574241621259951,0.06147635829782461,Class_A
-1.0522204271026412,0.02514438272049957,-0.34222935576237523,Class_B
-1.0258128956197483,1.510835522093961,-1.2880384421849216,Class_A
-0.9556471635953978,-1.6639438553063965,-1.237058961517879,Class_C
-0.3490294316352611,0.23403128187712718,0.41353793320171306,Class_B
-0.28023909835903704,0.3560923203779748,0.2698855822766201,Class_B
-0.8151701203138297,-0.8760013137268476,-1.1680169951883363,Class_C
-0.9050897987477189,1.1152192466402095,-1.3796976890147699,Class_A
-1.7943452832634212,3.574555892071237,-1.2438403399005866,Class_A
-2.863050069955425,1.9038381668674431,0.9669327670952332,Class_B
-0.21782581309756877,0.39850838293922064,-1.013015933338529,Class_C
-3.2711649518540002,-0.5657610631331644,0.6079567221080491,Class_C
-1.6188968848280891,1.4817789473548402,0.9762502414096541,Class_A
2.0249406204915084,-0.635074467624196,0.7685408587766638,Class_B
-2.272506422986688,-1.5707853639885436,-0.32299182286381345,Class_C
-1.4776957627695277,1.6049721402722241,0.7837366306627823,Class_B
-0.8625189226908976,0.5332402051987121,-1.2649417471225426,Class_A
-0.17904505658031833,-1.4931150118570744,-1.8786228832217613,Class_C
-0.9871776794190626,0.7674168061288146,0.37457323161156664,Class_B
-0.28018440770614517,-1.5974130883618893,-1.8780528546814155,Class_C
-0.2402365934093157,-2.882420359019049,-2.4384710802192213,Class_C
-0.9466886459710477,1.043767306718822,-1.5514073986821448,Class_A
0.2656298424603394,0.32141504004655297,-1.2670497477677727,Class_C
-0.7734715903530976,0.772064023562023,0.7070609591855679,Class_B
-0.11577273249626385,-1.0993003849485217,-1.8292275389594368,Class_C
-0.6381988191280162,0.05215744023226154,-1.5975735595089111,Class_A
-3.591834718939711,2.4291789868633535,0.42753374314724957,Class_B
-2.1044634921804173,0.9489115468865147,0.37603130663088746,Class_B
0.8702319364520572,-0.06774941982456983,1.047007981101872,Class_B
0.37855038847272926,1.3059328186659604,2.542134368418097,Class_B
-1.4381549121550794,2.422917839528302,-1.6162100145717635,Class_A
-1.6624866661660875,1.7131321205192522,1.124818391388212,Class_A
-0.7586072288867346,0.47824954832451594,-1.506132185405677,Class_A
-1.8976023413526681,1.1311421582232704,0.27675562024744993,Class_B
-1.3106814145895724,2.3559591342159436,-1.4719140238771187,Class_A
-1.0956788631973133,0.7050480165017294,-0.15086661728938977,Class_A
-0.5184419852142675,0.8023339028670319,0.8089920253180856,Class_B
0.03449339202871715,-2.5349342478395247,-2.3424303146445364,Class_C
-1.8409710055764616,-1.7997999289002116,-0.5170848530412412,Class_C
-1.0743993150802216,0.24113879510865022,0.15314643363339064,Class_B
-2.3123069813646313,2.86234154226052,1.929824291543846,Class_B
-1.7339876495092286,-0.9825371701596383,-0.4723295752998693,Class_C
-0.4418444760805106,0.6657550797049587,0.5157678243126413,Class_B
-1.588980358724024,2.3667948674982426,0.31853070182105947,Class_A
-0.604540127090047,1.576228885337664,2.407880789504703,Class_B
-0.3585900752144989,-0.5510143282694391,-1.6237436595696033,Class_A
-0.8746890102984259,0.7803861650614762,-1.4514779587544766,Class_A
-1.241804677843671,1.237903301831988,-0.2128831187577206,Class_A
-0.9934284688325037,0.876527962730904,-0.6470240214384384,Class_A
-0.9981985060023558,0.5241867858679891,-0.3627258861691891,Class_A
-2.060199665980364,2.192733233882008,1.3916519643913872,Class_B
0.0456176295151991,-0.9948840491953994,-1.5173553265269635,Class_C
0.3257432007971961,0.795622880199784,1.7220666037493846,Class_B
-0.6618643190539324,-0.500391827267243,-0.7941678492779116,Class_B
-0.7640468124044304,4.959801345227888e-05,-0.7566377061529034,Class_A
-0.7951208702098045,0.6024238262599209,0.9457854461845768,Class_B
-1.4965350916946911,-1.197034492983559,-0.8216308299048973,Class_C
0.6763327036699422,-0.2810506881029744,-1.843415759251058,Class_C
-1.103109636776538,1.5017919397286104,-1.7958604317913034,Class_A
-2.5198080017535776,2.3485554621930373,1.4646875900266156,Class_B
0.8936922793053947,0.24538798811035245,1.3363533372228025,Class_B
-1.3799611322769334,1.1058944408039943,1.2280150650124373,Class_B
-0.9720407544891843,-2.250270118716883,-1.6461348837657515,Class_C
-1.5433247470076719,1.7382322793407905,0.7824789236399121,Class_B
-1.1507899227982672,-1.91960914713519,-1.0729001398864484,Class_C
-0.8843798245083131,1.040357409236744,-1.2491025027254143,Class_A
-3.266385289280192,-0.5530398559625106,0.8690449671668039,Class_C
-0.7883076262442934,-0.7963881059494818,-1.1621518020844417,Class_C
-1.0972963808090996,-0.7423888337498041,-0.7878585494154312,Class_C
-0.19900091407269827,-0.911095596538668,-1.6458362372472801,Class_A
-1.2806060371590884,1.4783610005314105,1.68498579627154,Class_B
-1.2840442812348842,1.1668488184054446,0.5072565823171351,Class_B
-1.3897457686263954,1.734574954232047,-0.31674377525910424,Class_A
-1.2187359190959803,2.185479046675014,-1.9461249204348334,Class_A
-0.9206410160995683,1.034976832382185,-1.0727197983976693,Class_A
-1.2185822135723972,-1.3062969760856575,-0.9182929030254356,Class_C
-1.3220284289473705,-1.8691175170571135,-1.174395571069018,Class_C
-0.6907026938408394,-2.0064340449641485,-1.4540765180524884,Class_C
-0.8622260347221455,1.1753540662325708,-2.307601439455537,Class_A
-1.6552814121980464,2.459358637485388,-0.02748521521528635,Class_A
-1.58396082029875,0.5183697025007334,-0.06071200697555634,Class_C
-0.5260765305728489,0.39129537057376784,-2.6936193467614125,Class_A
-1.396405429757166,1.5723469861713235,-0.18092213938303003,Class_A
-2.0818481491883665,1.2606912543748972,0.3961228974366723,Class_B
-1.3592851712569372,0.015903399059508327,-0.1882928291141982,Class_C
-1.4719915713653653,1.4711254170682548,0.6247710871700984,Class_A
-1.5165800005477035,2.095053321844011,-0.4087545426683211,Class_A
0.033047170013311034,0.42906162692294325,0.9835806301021225,Class_C
-1.0589812756980295,0.49305039505447756,0.10461381683916704,Class_A
-1.8110806681175304,0.7911070190890375,0.757512184359522,Class_B
-2.0113428495046355,-1.6989708332249225,-0.7263988891155009,Class_C
-1.3246437943809748,2.1277859912928485,-0.8225622896995002,Class_A
-1.5975400881887292,1.5459398726372449,0.7951921327709717,Class_B
-1.1251896123017693,1.5800464700278933,-1.9606221044193484,Class_A
-0.9313081509064571,0.9442653931410677,-1.2924543955584673,Class_A
-1.4941128923682137,2.563260439882315,-1.3453839053049363,Class_A
-1.3387903710578055,0.8958756383476707,1.0714530537943254,Class_B
-3.661853997644658,2.2484476988595983,1.3719965717798082,Class_B
-0.32651648059691596,0.01185418003329164,0.2985883471976506,Class_B
-1.5990824317543084,-1.9731744856680598,-1.0627796137886645,Class_C
-0.7672104130886643,0.35761104607949024,-0.9820865310827187,Class_A
-1.4103514311490013,0.6445345485774681,-0.1480808893350153,Class_C
-0.7099613057498928,0.5778898800176564,1.228884199669178,Class_B
-1.4593113016562702,1.4681453616224998,1.2434612167024568,Class_B
-2.3222133952661927,-1.1560087658454377,-0.17059194029105829,Class_C
-1.9110449797047315,0.6177177310926784,-0.25286221286397503,Class_B
-1.354977768451978,2.1151816107215673,-1.0139963532106997,Class_A
-2.148804037117022,1.589542274190106,0.7966306755319997,Class_B
-0.9095859274094646,0.8874741065685824,-1.2762064076491964,Class_A
-1.0911633984271147,-1.1243800952563359,-0.9367252989436792,Class_C
-1.3618952105243491,1.6541927602929065,-0.2853664575860956,Class_A
-1.7582895121606075,-0.04738698671547292,-0.18729692492281003,Class_C
-0.9231395555930383,1.1992976195592426,1.2488400126135462,Class_B
-2.795864372359121,-1.2559817700277562,0.08584950440855099,Class_C
0.9364650015100962,-0.431136642877306,0.6238852968952696,Class_B
-0.189562313659961,-0.6677151540631909,-1.273719893905257,Class_C
-0.593063653073834,0.6377777318872078,0.9908230931895093,Class_B
-0.25130959455036683,-1.1931949456754185,-1.6647941331366132,Class_C
-2.936645202578437,0.24340914480478637,0.9332946537456834,Class_C
-0.5990806914929816,-0.6439137467994023,-0.29935896067577183,Class_A
-0.8168488788644651,-0.24031805454980149,-0.5749960164112475,Class_C
-1.9933223886220441,3.0682080861936205,-0.3173554082596618,Class_A
-1.0072128108844904,0.8434160660746333,-0.5474624120310216,Class_A
-0.8882126395758374,0.9798324717846417,-1.4987001070032333,Class_A
-1.2872901768447786,-2.3853364251347746,-1.3764138065939198,Class_C
-1.2542339177164044,0.47947921495102985,0.16516877198720115,Class_B
