square_footage,num_bedrooms,distance_to_city,house_price
2248.3570765056165,4,9.49147423339201,274017.93565720646
1930.8678494144076,1,6.491259197513199,198063.31492668472
2323.844269050346,3,7.890856223039119,236893.67665405385
2761.514928204013,5,7.950681302310786,347773.43784339976
1882.923312638332,3,8.969839119753004,198708.25714638783
1882.9315215254096,3,7.082181215561045,175701.39938107962
2789.6064077536957,1,6.7551471445778075,251144.72917652648
2383.717364576454,1,13.737238983684925,150593.2994055852
1765.262807032524,1,14.198616711441382,150035.53552279813
2271.2800217929826,2,4.477826619010362,253636.10352310442
1768.291153593769,4,-1.0383895970915358,253133.79806468592
1767.1351232148716,2,14.253499398283724,180959.04891228475
2120.981135783017,4,5.08479832579145,268373.89463887364
1043.359877671101,4,10.850979353838959,94300.52209874346
1137.5410837434836,3,3.7373125078871308,144080.58233031744
1718.8562353795137,3,15.191019941038688,196751.87851459027
1493.5844398327881,4,20.174671581206113,111748.19545001967
2157.123666297637,4,10.731227636821346,248936.76066460277
1545.9879622393946,2,9.623589406161933,165077.76480599577
1293.8481493323543,2,8.711441699239744,140576.31855091028
2732.824384460777,3,13.127197245251647,328882.94719377195
1887.1118497567322,1,12.270747003738343,117949.86853389977
2033.764102343962,4,14.013993814211458,186394.86415001887
1287.6259068932716,2,7.48833390960767,102327.0599637355
1727.8086377374086,3,11.36047082561858,168580.54912022583
2055.461294854933,2,7.830127733175216,233879.92552417848
1424.5032112888484,4,5.769137407719783,167811.26959537313
2187.849009172836,4,9.835938315986146,277439.22198595136
1699.6806550405975,5,6.309949078491671,239296.48685979482
1854.1531251033616,1,14.694907990970353,104215.85522521129
1699.1466938853016,5,6.552318487936708,193368.82803465024
2926.139092254469,3,11.45418376274944,257153.72806646654
1993.2513876310331,2,7.58631080496111,184747.24953244967
1471.1445355220499,3,11.108251001750048,147344.41914987174
2411.2724560515944,4,7.904013706178574,315258.75149252784
1389.5781750144888,5,4.97115490056985,234079.24830330562
2104.431797502378,5,11.935090963807381,229794.19362919332
1020.1649380601123,5,9.058337512347112,166941.43832857985
1335.9069755507849,3,11.143939762889838,179159.6554704353
2098.4306179345617,4,8.28462825747825,295267.85603181587
2369.2332899977055,2,4.688253944926192,245621.9089862997
2085.6841405949854,2,14.332714388225025,200862.05286099843
1942.1758588058797,3,12.947031021764353,224231.31494396177
1849.4481522053557,5,7.7321560977870245,208607.23665214074
1260.7390048162863,1,10.279116853995191,81868.13903266026
1640.0778958026458,3,14.168077932651748,208667.86827758743
1769.6806145201062,3,8.171846656550413,188582.92541623596
2528.561113109458,4,8.792461979237792,215670.01729722944
2171.8091447842307,2,10.974530000029494,199284.21921860756
1118.479922318633,3,8.163635745781656,159145.4509808516
2162.0419846973973,3,13.42836798794809,209225.11945002174
1807.4588597918419,5,9.324396878770248,252008.00025534877
1661.5389998470207,5,6.863856500024104,255290.16742597483
2305.8381444204338,1,12.434555319495978,179537.60155875643
2515.4997612479756,4,5.431477402274613,291407.7644530651
2465.6400595580994,1,18.059514244496853,180102.45913218247
1580.3912383886807,5,16.32998545432081,180833.66964051107
1845.3938120743928,2,12.053981907684062,165621.39216519325
2165.631715701782,5,11.717324087279607,260355.46420084182
2487.7725635611796,4,11.529765671277193,252414.77463421354
1760.412881077355,5,8.043620856324372,254580.35657813735
1907.1705116680914,4,11.18923858272337,229751.65693101648
1446.8325129969858,4,6.307469558168607,159745.6943429691
1401.8966879596646,4,12.015273673760724,150384.24250001367
2406.262911197099,4,13.471387772125182,255596.34907257016
2678.1200142854113,4,8.487655596066663,292015.8983913035
1963.994939209833,2,7.619592823381122,214235.82924377255
2501.766448946012,1,5.150091901408361,242754.12192613093
2180.818012523817,3,15.831820934262764,203149.50981744748
1677.4401226974378,1,7.9373438646311545,138039.56025951117
2180.697802754207,4,9.205043855933507,202214.09041048778
2769.0182832329847,2,11.200622339982903,209640.00858432276
1982.0869804450242,5,11.128830571559739,257304.7838540044
2782.3218279070034,2,12.98624038272428,259973.78278931382
690.1274479551278,4,8.482680320646685,117565.89835105646
2410.9512521876118,2,5.445328246116348,257230.30503975225
2043.5235341190855,2,4.745338764110736,225989.84467569273
1850.4963247670662,4,7.6829790686286135,250860.32147403326
2045.8803882677512,2,6.192598101301504,224740.5326303029
1006.2155426995536,3,8.785533178768967,142716.6221337634
1890.164056081244,3,15.23031524303993,177151.37542358972
2178.5562857558734,2,8.490887176465245,207891.64918026686
2738.947022370758,5,8.489396554661774,336302.7910176731
1740.8648908631762,4,9.934404894976847,183510.01757425096
1595.7531985534063,3,8.377500035151735,168191.64645678425
1749.1214782077318,5,9.730435057127224,230699.25525113798
2457.701058851037,2,12.163476889925386,229060.67973300206
2164.3755548298423,5,13.539004219053256,246082.06238764324
1735.1198981164807,1,14.012852798956095,88743.10806251242
2256.633716556678,3,18.22740888292408,210436.56590156522
2048.5387746740203,2,12.277437784689752,204322.398708942
2484.3224952664445,4,18.937915605397237,274834.93388096424
1648.9734530613239,2,6.894072767761427,181471.38138204356
1836.1689267011159,4,18.36513960969834,171827.740476407
1803.9459234339213,2,8.47849578312164,152676.3756875302
1268.2425259339407,5,8.871924276947858,219765.07794268118
2148.060138532288,5,9.520509810308507,273399.28922353685
2130.5276360899447,5,9.125517155365076,272259.5071778055
2002.5567283212304,1,10.343361586906013,162187.45994312168
1882.7064333124265,4,7.679887990046243,221921.96422013984
1292.3146289747929,5,13.319848692285488,179838.887787323
1789.6773386173204,1,7.788659861515281,134488.41898769082
1828.6427417366153,4,12.622441593011565,240387.86268757322
1598.8613653891905,2,16.11089447809506,154519.82558690308
1919.3571441669953,1,8.57159052076904,160226.2231411771
2202.0254284072694,3,13.17753367191671,192718.2603343173
2943.0929506052653,1,12.236637155612739,202745.95957357748
2087.2889064159194,1,19.011547528879,102385.80618509128
2128.775195361382,4,7.9806777406202,271221.91815510904
1962.7770421169164,2,13.180286467223135,178259.8183480923
1040.6143923504792,3,3.4959556328937875,158923.00020323117
1986.7430622753916,5,8.016566357052747,212451.98355917144
2030.1151049705131,5,11.413571350387631,236048.26324254653
3231.621056242643,1,15.572639876359125,299480.7263995208
1903.8195176094387,4,5.096266540063189,242499.93392764407
2150.7736711668063,4,13.144362562964442,197548.18593625876
1982.6441151473784,5,9.747106174068165,246738.8223733245
1415.660981190234,3,3.91388938643075,162721.2157277384
2571.4114072575103,2,10.72634738379516,251851.3803054102
2375.966516343387,3,16.836644931912847,213927.0614469673
2395.5159735215234,2,5.518309360353532,265542.46715244197
1545.3062726026305,5,9.560249138519266,176281.2908985389
2701.3971554680497,2,6.053444061441735,268654.5810229688
1299.0744686038597,4,8.125668272359936,196539.96403356403
2293.428546900135,1,15.728680574098533,136842.4504586338
3095.227812904989,1,8.91390209803447,259875.47039932708
1504.7318374346557,5,15.606262950061307,177424.30174296064
1716.851135198614,4,14.436216191726345,186672.27853832443
2049.8256825438207,3,8.549048346062207,210016.08045550177
1748.2621729419004,4,7.98960215757507,207917.38444034345
1224.6682844669335,1,6.416004772741992,123717.44362187444
2034.2814874030137,1,6.276475223226383,213286.64766816617
1468.8481431369476,4,11.412829578031372,143090.1247912939
2236.796215317591,4,9.920858739140138,263183.3158517571
1540.2878828830985,1,7.5055782602831735,174301.29698703706
2774.96720250877,3,3.8049483115068847,315574.6771593142
1608.3733538318816,5,10.424715071288848,181717.78118203094
1838.9692418971622,5,8.121791283754668,215135.67005026247
2406.758608684835,4,9.218809217671623,270563.3787473288
1384.5678417830222,5,11.218647314792326,208259.73022603107
2113.729967302065,1,-0.007211445551453366,230390.1577117982
2653.571377141214,1,3.866901585163501,270753.42928595206
1196.2583827193862,4,19.185772307220752,78788.43468148974
2092.3169292661523,4,7.97355797320153,273941.8438850213
2129.9413971242116,4,-0.06973240959011662,264701.3374812379
2390.9114358886554,3,4.20023928193499,265477.53507239977
1381.5246445609591,5,19.937869474565733,154210.9886344246
1339.7716934578618,4,7.18801015892064,127051.33109318468
2260.970782808449,2,14.636060979588628,197265.8021250444
2148.492336616593,2,10.484471993348821,176450.03453512065
2125.2464251729384,1,8.060131850004115,192637.7182400011
2173.2241047484877,5,13.101781883052372,243012.11086678848
1659.9876392107547,4,0.4625732985748474,296331.76806191343
2116.1268485805017,2,4.235469520573589,220607.30752518456
2146.5362366493405,5,8.030595951441757,320566.92822980887
1642.824290986816,1,4.628382406921567,175814.32434365814
2932.8872555723783,3,7.676888845984114,294867.80705907405
2236.9164604558937,5,13.414852182731313,264887.65826342674
1404.3482513986755,5,10.528546885343923,180181.84705470267
2328.276804316915,3,15.322468142038357,222269.2769900305
1512.6591648863393,5,10.781501137406977,179511.13611576738
2393.542301871226,1,13.969843325978106,231759.45439088097
2579.297789503702,1,9.74371879948601,252346.13722285826
1589.6588408241448,3,7.638898066560869,181565.93295364987
2481.6880646221607,4,15.922272222167553,291785.3145531166
2206.390463468249,2,7.162598848255733,226683.03320761744
2411.030079997245,4,11.375379292497197,291666.7356587676
2948.396491326974,5,13.075589452897892,330419.2165562685
1877.3059419985648,2,13.365970817883426,170747.92998070383
1623.1319178212552,3,5.338229319119922,193586.07566295643
1555.2427851872383,3,14.207801623313063,146867.8042490069
1592.0948575172808,2,6.0841790155709194,173051.88718357348
1961.4491452929478,1,13.242814621399974,133187.54561008507
2170.575987408322,2,12.140693884196395,186327.412646773
2138.3453996650096,5,13.274522647119595,242043.05131874868
2413.591624518012,1,5.17998591560389,241202.00829383914
2006.5009459389535,3,12.351718970937567,198127.0242516208
2726.7670385786587,2,14.342374705632686,270290.64367534517
1867.671583381022,4,10.773583132646962,234077.2006493584
3360.0845832948094,4,6.725533281581693,377472.6030209382
2312.8336738825033,5,13.678990457311961,297433.012537989
1571.4212217918587,4,10.455678512403079,231689.2452065569
1464.5537509694439,2,3.302222944689216,118848.60300044538
2241.2362076215927,2,6.415242150733359,255354.6621351494
1888.2686073370746,4,7.894821875092105,212028.1464249594
2357.000247046046,2,16.023273150558627,215602.3594848939
2236.6188122867725,5,15.320732345224858,278014.1680187137
1963.5855436715635,1,15.307874124226704,117894.36888325901
1576.6031409657976,5,10.929441110735466,156704.93106750844
1242.5763876570677,5,13.654379167116797,176871.5951355194
1776.7425239664894,2,5.436882365256437,193874.90263245706
2428.199397161736,1,10.027212393571086,170972.9089007525
2107.046872065102,2,11.806530806598385,254911.1458100888
1377.130610644006,3,5.700403770763519,184821.5275169968
2086.590462925591,2,10.83964835856748,211213.3055028505
2192.658689864418,2,16.746556743217376,209678.52908440615
1558.0712818994334,2,12.235079138242508,120111.13367756827
2076.8625529727638,1,13.670180826656482,162596.70396621086
2029.1043592229998,2,0.19037230627094992,208975.52654645115
1428.5148510846884,1,16.2318753966117,66493.39694328075
2178.8936801741415,4,9.255510608991322,261253.31498418844
2280.3922631841174,3,6.925254743719831,211780.83592150128
2541.5256215876384,1,9.301448592760279,211738.08055301046
2526.9010260174514,4,4.059911366876409,289192.1967689201
1311.1653160214546,1,14.19176824700857,83709.99650761123
1531.0874800424385,1,8.658417108904828,144184.19400135343
2257.51763360433,3,7.045476751895722,269078.19971036585
2256.8929754561045,5,9.327779737246539,304020.81497883156
2257.523843153024,5,14.472062618304564,287694.9923880888
3926.365745327361,1,10.525833603124882,375188.54285919684
2285.4452553465835,2,4.361224921866132,293921.7983976881
2567.7828200902995,4,11.859923318964329,280466.2284458254
2477.0008817466014,2,6.2840801827095,251946.65840484892
2325.6956256528993,2,1.3755958745007337,280874.26727678726
1842.3653776798271,1,15.984028850868713,118906.11413882443
2379.4846102466336,1,11.828919499310755,245117.9817474858
1613.587392731214,1,9.686917344786341,161198.73937757
1881.5906966299956,1,8.617561941213205,183828.21356192138
1757.3182260854483,5,15.588318002933264,201075.7161949123
2040.9370696931612,1,22.348620600793623,102163.67467997642
3157.329283336754,5,11.795122074266066,374290.4430765391
1066.367403704126,5,5.8814612706884954,149051.99772079612
2343.1300951872568,1,9.382137924528095,245761.4082321107
1193.642064405174,3,11.722290688376196,116311.83536400211
1764.0340671052832,4,0.6018867720325378,261021.64118138386
2544.475298483683,2,11.337996807112471,215017.51890797372
2032.1400095477313,5,11.745700517972315,262560.15494289214
1461.127611035347,4,15.305368791948881,138242.37682283207
1642.348145370016,3,14.888493209492214,166023.06824716798
2339.798874467338,2,10.444688641158145,240691.2809653778
1634.8166841414318,2,16.058547626321435,106998.1274428225
2108.2292947909873,5,18.142713276155025,192021.13507547375
2022.7859199519069,1,10.111805820977839,210017.0608039151
1674.1998261970914,3,11.672748313870995,164248.7651996271
3071.972044662663,5,2.930810587557695,398164.37192961876
2316.9595111590056,3,4.196106950235648,282852.02948089084
987.4287066711964,1,6.647214743961925,54164.2936998545
2093.227157384714,1,8.225526781931787,199761.73524930963
1669.106767615806,5,5.615507901047726,241311.30066020793
2426.216667398112,1,9.856018352091032,197253.30753674626
1603.7396307836498,4,8.345163329301526,169734.7468109141
1942.6317792665504,2,14.28358092535846,177992.4119987945
2252.4936394902284,5,8.100905418065167,312937.637063569
2432.8775970850606,3,0.8531282071380222,303486.88160763605
1399.8517964721118,4,10.503004690141681,131608.52265026062
1832.7493820795257,5,9.943207902354644,207125.57826681106
1762.5273444195218,1,6.551800474382025,152690.63933694072
1673.335383713144,1,10.379999533988148,174549.0342303924
2882.7271201405483,1,5.69894164709466,273609.2372261096
2202.490855480478,1,11.319359814493371,171938.06340562596
1369.5580228324775,3,20.531697747719406,52460.19355274785
2458.9309735273882,4,2.7775781083729347,295588.0870581214
3061.0780985063166,2,7.935031651963358,275609.242741044
2516.2326302755737,3,7.293979514203457,250073.86968347014
1240.3150170229933,3,8.266960466049825,145695.46637601877
1757.8829635668744,2,14.079698318387898,135360.69962446854
2633.455574593311,2,12.171306237276099,284976.3875897343
1646.1652671906097,1,13.395066010425694,144591.2809846194
2221.909714073114,3,10.121982019014393,216358.96286698093
2387.3170267146684,5,4.7116027202205695,292253.2430268511
1536.5347642109587,2,5.5412585549600815,200513.23203790028
1970.2373219690999,2,12.985038829866369,213599.6002846652
379.3663299654638,4,10.683327593653189,9663.78893964213
1487.8061793328552,5,15.040829624315354,175897.91041100127
1873.7159243034198,5,11.173048412987189,225209.39266798788
1376.1084090175752,2,5.2679400266715,167499.14426989848
2816.2056519658177,1,7.912392743267381,310625.30458428245
1284.9293110196836,4,12.259256598731719,135095.2226251148
1779.9777566515081,5,12.841329984954502,162273.66287378047
2065.3702886430456,2,13.420434528618753,193910.04872494237
2720.6366445330577,5,5.805903547179228,377783.24843251467
1282.0689244102803,4,5.1958793356923,174633.50122457216
2581.58187607748,4,9.240789921010316,274328.30099920486
2005.1165305097936,3,15.760294066133818,170778.6975858678
1509.2456744760245,2,7.224526716767928,176057.06804204368
2231.0517371316355,4,11.819887562403892,232644.21236901963
2099.529847786735,3,11.82024455575586,219070.76950846534
1699.8915614206026,3,13.043090998682453,165468.77404214648
2034.9010424950095,5,16.65776101579284,218316.8088599676
1807.3432015691199,5,16.247625699064425,217028.49983039565
2056.758672625624,3,7.62157666464198,215603.48644274764
2331.0653372605234,5,1.6084182347653044,314299.7785476689
2793.008408072676,4,7.285882658541029,342811.4987645563
1381.0922505865756,1,10.302689176188942,81922.64607349652
3066.5166873281332,4,8.553418889257372,321879.0695159683
1023.9561002387491,3,17.871595771712542,41529.77388172236
1924.1074524822084,3,10.075121217265798,223260.41199380567
2294.1586032422883,4,12.614847521024775,243710.69851707327
2140.495933867516,5,10.868857238589374,226864.92854182806
1688.6502400897032,5,8.61346726603671,247142.90173651354
1895.9388748213623,3,2.300753288149334,224201.56700200366
1753.4995326705837,2,9.685529445834058,145130.35406696596
1705.3176215278943,5,23.018589172616508,150546.85231778305
2424.8010485105124,4,5.022166400648665,334337.3630845052
2178.5077429825237,5,2.740507822503102,294274.1802733226
1653.545202369673,4,17.745557210275642,171010.20578847872
2449.799937716625,3,12.96833187947734,258315.33488554967
2153.649760438305,5,10.749679522093746,272698.41088352195
2406.43105941948,4,15.450695449468231,275166.4199364634
2314.8144209618063,3,6.673992228175614,240433.58083949558
1585.502494538964,2,9.573620956341394,124598.77359593102
1719.9094799015152,4,13.820616467603292,156313.69925151017
2373.646802561631,2,18.441417471281582,181545.88251726038
2305.1851327167324,2,5.325822741373567,220213.23311879218
1989.549203017926,1,15.12293783424158,147028.7539272179
2058.663691654391,5,11.527356243363936,250154.29844174182
2638.8324478942122,4,10.652244269717665,316086.3560204839
1704.214305582085,2,9.969083110981048,167854.62270920424
2273.548690585019,1,4.461413517221587,214644.00507585774
1898.903673783053,3,13.852355992852129,190899.81752486172
1891.15939838639,4,6.870923918694688,209006.46974771703
2549.388425993595,2,5.681237189990612,265579.1394487985
2412.708174494015,5,13.541835835601352,281546.66911128425
2406.754818000319,1,13.156536100586713,198125.7412508515
2652.7394035771645,2,10.316000334444249,264070.56605889485
2010.5019208163794,5,14.318174483246565,213358.1692725853
2340.976485647482,2,15.70374632591646,224379.70200540384
1844.866621703272,4,15.232896311302163,233876.404348709
2162.0831762442212,4,7.88688410639208,216706.99347099688
1934.9284728161576,4,14.056419725118849,172820.79875716535
2048.497982496359,1,10.846563910034595,171694.05390007253
2297.5785127184568,4,16.903631081409497,218825.9213509763
1590.8896583832638,5,9.505086654931308,258973.8427079894
3046.19363784273,2,8.574113450526678,307243.40461725113
1496.991309250149,3,7.544812492628493,206788.69980502137
1392.9056936061338,5,10.757151576942222,134276.71431456227
2579.055436750034,5,11.866901870368416,318925.27140647016
2395.831346981468,4,11.943849131709085,241975.96855814342
2312.0599085260774,1,11.396690161247427,175933.97580587916
2314.17275463214,2,12.684148050719225,201787.5845493148
1993.8766135765427,1,9.109832656342407,138223.90708266493
1551.3728142570842,2,6.509938737632514,173657.22587059214
2037.9022790968631,2,6.160688012345409,217754.66201587912
1661.4191442439442,1,13.900204381213873,123295.69872300683
2487.5598667088757,5,11.881289242113159,311525.3160136444
1926.4713092489308,2,2.576648916198704,257633.43749875342
1587.2514016037442,1,14.387013707199763,97697.29539718694
1839.3070791735033,2,17.52174058561062,148255.77098270907
2206.4657271378123,3,7.136332596965869,252289.6149373264
1718.1377235980126,5,11.344640185104165,224530.93409250389
1588.8898022167843,4,8.106167625470562,208173.0837059752
2121.843605745956,2,12.513227701884666,229380.8056792933
2122.4832855543614,3,5.335964443699099,234076.58462470825
1746.5284123144352,4,9.714217371604876,167938.35679332708
1764.4808471908386,4,13.925256511995125,169374.95794371105
2116.0249686788184,2,14.942846957195359,195819.93542029016
1275.957829251338,1,11.705983275678754,89649.10426291946
1296.2681128117224,2,8.643818787161043,114717.73383299212
1640.777889373782,3,3.629595662625566,179017.37891400934
1893.2764241440764,4,6.969801155042873,240010.78968245658
2155.4537827990025,2,8.12290638098088,231043.50325684107
2737.678108474776,1,7.209064866793543,265369.2878909106
2428.8298116010096,2,10.23821187325446,225358.663514955
1920.0307350182864,5,8.63244905531486,252506.86033269085
1990.4918960486557,1,10.688485489341772,169127.83632209207
1498.7353176810957,3,14.810509204190655,140563.40902759784
1990.743432003805,4,8.374151115082554,207595.96384948972
1855.6706805399308,2,4.468532090983101,208157.5663644495
2161.3592801690447,1,7.193169607500501,189155.16826774713
1586.3845282238385,5,12.334353879893087,222982.14857316238
2259.673257120586,1,12.711775139810692,185731.41605676198
2766.369456501289,5,11.624340788064936,339402.2222553765
1945.6199257715712,3,15.202949223552064,171002.71178315298
2200.8558610494706,4,9.254547720492058,247170.00156220025
2345.0719958555565,3,18.208664592037294,240820.1577817775
1799.389764057082,2,13.272748544423628,164483.61339397778
2112.0462409052084,1,-0.09394988083150935,213811.5101845349
2006.2962003908974,5,17.202634519854264,237040.80840533023
2048.838049274416,5,6.932053559457113,256890.91879445923
1613.4951080722667,1,5.863595242172277,157673.98804165336
2012.2550871294713,1,12.095084439331576,206666.9522877744
2248.999145622725,2,3.047278110653825,213881.464318052
2725.571803897521,3,7.218123074713547,292072.01697202097
2479.6354130426034,5,16.22839416249683,277028.361514327
3076.5912287557785,2,12.22487031599001,305652.2296622446
1616.3262185559752,3,13.24895912375688,124356.97855279128
2436.1603183603393,2,7.372357598010105,208359.48713160795
2091.671002869176,5,3.846520004127587,317203.2340660403
3094.901466608836,1,12.827269717254936,247343.42665451302
1595.8508573224242,1,13.721024624967802,91922.89990747052
1580.139078909612,3,13.53997354432444,189070.28198864317
1700.303677277989,4,10.836276920471462,197591.54099373714
938.0521378450965,3,6.131727026111717,125052.5343459904
1737.1224891596194,4,19.75107835223892,150461.87102597902
1620.433669223151,2,11.919149771936702,111848.06639405232
2075.1968932381037,2,9.304453433643328,217889.84589045343
2170.87798788858,5,9.322203050066529,280713.0465866659
2938.085419607943,4,10.598389912294214,325033.87553280906
2475.2119190930252,5,14.278433048631923,273220.9506842364
1711.5481721687984,1,10.75851249322181,130054.26351731361
1550.792664325821,4,13.434052613789989,190721.08810231753
2245.9595857532527,3,10.60559075157283,228035.67823730875
1339.883396489679,1,9.550584434118477,104633.89151502828
2915.7293829271766,1,12.565001573313555,261995.25929824423
2589.7200603606434,3,12.413144134695186,262105.30862959806
1765.4121739476477,1,9.32146352361938,190990.80121517886
1143.4327354545612,4,7.003172169142963,115293.24326290871
2676.9361870827065,5,11.366915658961739,318356.72637264355
1942.730077373691,1,10.313394675850375,145065.88984631302
2618.908155986731,4,7.78051314891697,279436.086485215
1202.7861706028166,2,6.630398069852813,115700.0215599089
1700.3124885231136,4,11.641903375577826,193188.71718646627
2002.6218498590915,5,12.200380228110777,241737.0107434405
2023.490296882371,4,8.559871541380558,201617.016589372
1774.9672642603782,3,7.680251856348297,185568.37140235084
2311.4249661737495,5,6.678979243851238,304778.1391850302
1466.1897853087028,2,11.529019756579675,107050.61847838055
1928.8102574893533,3,6.784091705437053,191090.96960383718
2060.1478158559494,4,18.964538276082923,134788.78251785669
2257.2194170293747,5,8.358874256116012,267347.73421297345
2355.807439044445,2,0.29914288850959636,245344.29948812615
1437.6789540810655,3,9.879313333483461,129773.00666293781
1232.9429146321888,2,9.70786608072479,107959.45347760357
2638.8384109492545,4,14.446874270096753,256653.74783086922
2166.157005989796,2,11.152504946910817,171697.22851794283
1625.756731721723,1,6.6646592662407915,96356.33771013768
2775.5759877612613,3,8.854432506012893,300843.2188747527
2057.8373171464295,2,11.309679086603952,208056.01662683501
2589.6485920319133,4,1.3411429987583574,322340.51973454026
2033.7592407050545,4,15.354486937561804,199959.09697133946
3030.3739624409936,2,6.675320456781341,309731.0568523457
2877.6704212216023,4,15.668175283790468,328895.7551185141
1875.5179257604632,5,11.569860564506355,190509.79490787024
2485.785475477178,5,12.518376545575897,275624.4216730241
2322.6879747925736,5,14.597693744005088,216231.00465591392
2684.3157787661744,1,12.292528210769994,236026.89829115642
1517.5382697099478,2,12.691544865269805,124697.14279994549
2343.0257299992195,1,9.342334238154475,212665.7046325515
2529.212243424794,4,11.48867472588838,279305.9147778144
1120.6302567884427,1,7.650008740113028,118580.688320867
1408.3707436671125,4,8.62635560164813,191158.62047268223
980.3839111199497,4,17.858780191875635,109507.18909411898
1865.2965827777211,3,6.767225659798314,186055.16273135695
2358.7711278979814,5,10.617268506545123,312620.0418814512
2751.178526048014,4,10.453876146861905,284789.4033832669
2037.0473902098877,3,8.756982112876804,203298.08989100528
2814.307772785646,5,12.057603746281751,327913.82298098074
1309.9492708925543,4,12.358888370965532,156748.44181065966
1148.3087803224225,4,6.296723267409684,136550.84163938186
1972.2261505516906,1,10.405426846186206,160863.4985298906
2192.0327244696537,1,5.670530644910572,248056.5021441494
1983.6526259529535,5,13.154194473269204,195885.87619059693
966.2789499800617,4,10.7059492414505,160228.62981607183
1955.4399802436058,2,10.32931954686835,177854.93900460657
1347.7652497475733,1,12.636125395489612,33152.02716143045
2334.836274415019,5,8.897958838126396,254825.53991379729
2183.299123048424,4,13.656087836872818,205962.53467709845
1530.0601068363223,4,6.2062205089754565,186376.6756191864
1743.0665413316533,2,15.64750607557811,133451.29228964137
1470.3932390555242,5,7.796355269780586,140470.54431261017
1968.660451363414,4,3.2152837292176493,265459.73630219453
2477.571160250619,1,8.685860366149072,197950.55148619445
1507.1369768322281,2,8.232127210983164,184316.12591833348
2252.023257758922,5,8.655704055399854,275169.38748029363
1734.8711908137795,2,10.926592061935931,182425.31306501655
1603.563583868828,1,14.39136944355309,136158.23566697468
1946.4848200227211,5,9.233176344411453,275564.4313668703
1482.378838790313,2,7.2335297207243965,137910.06670134715
1723.1753473264089,3,5.493812750864811,190368.46703528377
1401.061053705576,1,8.127268834763823,113845.42871453059
2982.3625664581946,1,2.448700642998589,321898.68781529967
2017.6317759858644,1,7.0994676259345555,173498.4577250596
1650.1372460037073,3,14.976215583448745,147151.0848433708
2106.989955367111,3,6.706563181686308,244006.02503676584
1943.8359751545852,4,12.51486344320122,189186.98214825575
1889.5152002333884,2,5.094071640766041,179278.4546112807
2307.0833500217127,4,17.084383597242216,221329.81998086045
2378.7538550236527,2,17.35042693225884,190477.72121486213
1734.7494261947363,3,12.364086226239506,182501.6484883172
1712.09087967766,3,17.965010406574088,158181.20030868446
1862.474151424178,4,11.423171899710649,181654.98512957332
849.0394176322077,5,13.074068456598225,99231.47618164052
1242.4044689007237,4,15.047735506926138,104732.96216636414
2683.4371337222624,2,10.718873812393797,290060.52935004275
2822.4838567506417,4,3.7904901536597544,340289.170151702
1875.4819802218108,1,13.155853420937591,142172.16329861866
2288.2784815278833,2,8.112561622266146,229709.39914179544
2155.625077271768,2,8.40988071617816,195621.35380334503
3539.440404227619,5,11.191579665914759,437092.8800668389
2559.787455717288,3,12.265123518869482,264928.7943478496
1936.0412042596167,2,10.600538536024873,181591.19099028604
1522.229779699787,3,12.542918144629235,121876.97671806838
1196.7768398712137,4,7.172571463759214,134766.5143769192
2101.7318179336116,1,9.829184821106866,173304.56939768264
1621.8246273578484,5,13.396341801803484,177700.95888747164
1288.873145201163,3,17.091164705746863,76745.38235271821
1676.7135578787368,2,18.505742355892835,105868.69351912061
1459.2259981928025,3,11.731906730910925,141852.3654578284
2843.5708175362824,2,13.36003930698243,261101.52073022287
2440.819878474725,3,17.926316659260763,201852.41776681214
1996.0136793416914,2,7.316655853066022,177828.07130233824
2739.972069445013,4,12.518799410850333,267080.1877404685
2038.684153823809,2,13.073371797944585,208825.87462331267
1569.3578993358683,2,15.791445744306978,86684.61905300838
2761.5620386348287,1,5.451434477855111,277978.58893148904
2269.455021842329,2,6.242376864797933,248722.27610460317
1481.3769228367719,1,10.085528844418823,114678.16116569136
1904.830660958196,5,11.510910649286542,277124.2393095163
1562.1908733076214,1,14.49145581493523,116304.78308177844
1308.600134517832,4,12.070175103249085,196581.71414315404
2463.088773765821,1,9.394347079558864,203060.541930916
2954.708320235065,5,11.665845779024563,321292.9678810482
1300.7162130904294,4,11.204177905097806,167239.16075055426
2281.4846183452855,3,16.980065719951153,196711.4923017927
1674.6787154390865,3,10.66263577427413,216296.32829483846
1756.437308117652,1,8.467666345789745,161847.90867358993
1703.8030378805654,1,11.798436120287318,105273.76769020206
1568.004615160092,5,10.79394127735413,159410.34491563792
2024.2608139724134,5,3.716026577301312,281889.98370215314
1584.524941794481,2,9.937391753511324,146537.45717356066
2135.2284128899196,5,9.597047018375978,273381.75427982176
1974.8809452754315,2,7.824512536882735,228632.79618702704
1880.5259765667952,4,14.14233315049189,224318.76450406827
1546.218168979201,1,6.857281613552017,125862.88302174919
1711.6143347158336,4,11.822474478098155,159703.57603598203
2377.695612912878,5,9.408572000625078,259873.6729129356
2250.4585938121904,4,10.43078002258713,234471.9166352489
1511.2223776007245,4,11.647145164183469,163718.22323817963
2049.666152714613,4,4.769702464435995,268744.6564234105
2375.6935616858946,5,10.766643566939132,263711.9484114943
1165.2973594393143,4,19.15578995885283,107760.58542750016
2271.6800961899676,2,3.772946616485103,257354.28018304755
1668.6881205270765,5,9.769568145137981,221604.568391915
2285.2993342965797,4,14.49295729929528,207849.5720078642
1618.3704217287416,5,11.206476991814387,217500.32534470118
1097.5589496677405,3,12.751867808464134,158028.29664362143
1186.2287810584187,2,0.49733595562953603,162283.6190005168
2024.0424733306909,4,12.3929974985198,146612.38232418837
2129.861250860741,3,6.953247175065606,269241.87851191865
1547.8416874477957,3,11.239509138332586,141017.92863563198
2319.296229388687,5,9.882261076362036,339161.13481945085
1169.23996886552,3,19.113332116646532,84266.42258746838
1966.9601006763417,2,12.186781295063502,133644.586242671
1394.4919001187718,2,9.549504682948855,80084.22934816411
1674.0819460989205,1,3.961228962985782,206095.5688618601
2023.699335658207,2,10.484587607399586,217594.62017675457
1569.7933173580238,3,13.29291551338729,206165.22631303317
1807.7222278850872,2,9.677792432723107,172656.37276423207
2503.14640460722,5,7.977374560250236,309014.52057497884
1711.5540652384257,1,7.7096533446147255,143039.169996805
2417.846056032571,3,12.140565741821282,224624.52086267012
1435.1465726711908,1,13.037551757236628,88516.15961949056
2264.9020889576414,3,15.444840461284475,214702.5898974425
2720.78431032895,5,6.020000427158568,320880.9092242996
764.1777499363554,1,12.103910233670467,-5834.009846566383
1601.5523722647617,4,9.513184182328532,196586.23216518795
2288.53606359027,3,9.631063181466878,219043.4004843568
1898.4773069785037,4,11.607303416136007,130825.27049366859
2185.5729366856544,1,11.63062501449979,194218.3533624918
1698.0074066420898,4,12.115072423166295,161523.9025954518
2043.29489373645,4,5.77011523121676,272023.6495848296
1922.1613823039602,1,7.000754371334166,193158.56903662474
2583.8910308299037,5,15.943473102070737,285761.4878607075
2127.2104216506063,4,9.11771013007664,309552.9375235898
2168.801331037601,4,11.224057592071585,237308.5488940927
1794.0615169387663,5,14.218665248172744,201171.8362655482
1756.1968879637532,4,11.853772289443276,213442.63788458187
1783.7209060901896,4,12.186090523888158,196055.45393673333
2197.2260711891486,4,13.578310716975027,260843.39196888995
1789.5077595898686,2,1.5333449564119999,179563.90348753883
2144.8874284482063,5,8.040199379357862,242983.3847614228
3037.7003993227195,4,11.874423185998367,343543.16128543555
2435.562351715846,5,15.55057722823063,236683.0755469664
1836.9882339160795,3,10.264382238623092,207604.37735956037
2600.6069610819723,3,6.621134152975618,296205.09649857826
1795.9623134892242,4,6.727655801557991,208595.74519044085
980.9377324110731,5,13.535444813812298,139595.80317788167
1495.9568445412979,5,9.128905670432454,173086.34495736152
1064.6040394870722,5,9.971199816838654,131606.90670792144
1824.2432579793456,2,12.460120775089276,154194.02846218654
2009.2091895947758,3,-1.6060947307743163,270924.58809015463
2838.218656137641,5,18.001470046032324,286223.551958906
2163.463686882081,5,7.075704659795754,291795.74448605714
1890.449735595568,2,10.967745477894287,183917.90654629265
2414.702790591745,2,3.1812119460149155,303798.3895378035
894.4323454960575,5,8.309835558379849,145511.9230790814
2117.807279054283,1,14.978752185460387,186751.05275772954
2385.4325969434835,5,2.335331281336485,349884.7411100132
1260.7068771100792,5,14.504800348756564,210896.11804955383
2571.8770216034645,2,8.905215615070462,249480.17358743728
2169.2482037472073,2,11.948657760880767,186672.5635339922
1792.3560430495993,5,12.630097653940442,247527.47159135106
2316.3909330531424,5,11.765685997963702,282446.47760902724
3135.3464289021977,5,6.540197393476694,412875.13634243375
2090.9331275292475,2,8.541803413859906,224304.26563336272
2124.110293150168,5,4.153775290996737,238973.10057504574
1770.319550229878,5,11.967185326352318,226604.07281700577
1575.0778152676041,4,16.808220616063704,161247.07589522912
2415.167908272123,1,2.70223645329415,251333.28112234065
1571.9580870455663,3,6.953416375447858,179122.6504742328
2035.7831186096962,1,9.272898896468266,137410.22918377008
1761.1712766174417,4,10.693365694854217,224504.72211843115
2239.489912873196,3,13.516705205737706,225709.6759609684
2166.8310526434743,5,9.391200078569334,297276.0223064363
2518.7699721289496,4,8.736165094217398,249727.28363492663
1744.9918005726265,5,14.412522824278962,215114.92817449954
1865.0625323533143,2,12.647982268253221,157399.85845540126
1510.6181421088463,4,12.155911902804394,173876.95494500088
1777.8533699619443,2,10.450062846352457,159956.03190990989
2188.650246522426,4,13.932608843679436,242792.17862084875
2378.494308322676,4,7.374762435078933,276903.79063208343
1538.9173379111874,2,6.829222871255688,133447.74630844808
2434.8029600528303,3,12.984403947477297,240718.9117375513
2677.8189294024755,1,3.499856123012367,264928.24889679824
2206.7174516118503,5,10.368718038545948,266743.3144402332
2938.397906279033,4,8.733766590949951,250475.67077214998
1613.1054004482135,5,4.3769810773881765,256491.53674709811
1377.6726483442915,2,6.274929681134942,138526.02599508493
1110.6398755478608,5,9.564095630818603,129539.67005023643
2748.0221557445916,2,14.135853025996092,267187.03836568224
2327.182828177029,5,7.388168034968755,311686.5858366824
1972.2076645447726,1,14.853525599619974,134770.133549506
2139.98431315991,1,10.252716910226065,153930.61227686022
1437.2554763508117,1,15.241538808679884,91968.62195866606
3222.875989808413,1,7.582033564879806,307455.0832711325
2064.6105909876137,1,9.804761647578525,200545.60793566328
2054.6973973024465,1,11.473934413347983,157006.67979199247
2362.883311949346,2,9.281958149033953,259751.59382138975
2240.5046158683567,4,13.812096588580943,221483.6535605368
2111.9420121395656,5,1.169745098838936,271699.6811062014
1604.762772277344,1,19.68962215515976,53721.09756500358
2235.734178567998,2,13.431098427980649,194857.63723850614
2941.012248237517,2,9.305872683859935,285933.9986779837
2672.7100230774886,2,7.790713305690622,276513.96429806517
2796.5933133196986,4,6.534317554205782,324728.39278297994
1744.3921617844073,5,12.582461896678948,235959.86959665423
1505.1975898707096,4,13.979926675169416,154092.77314965945
1937.1065399501758,3,9.349895487480401,157054.26993583018
2027.8624561443473,2,14.42796165191401,167619.02014321982
2547.0957592354744,3,6.37095981295551,232685.30966460786
1153.7676851425904,1,5.664756600052656,113837.76003893818
2764.7751597303068,1,17.253364820982195,236640.51684274263
1920.9960507105052,4,12.364434454154171,185621.8206432167
1786.55946502629,5,15.587392807253313,236182.89962615867
1493.9478123699164,3,6.584241166449229,197544.35652295628
1172.5716640671153,5,6.30589843292508,215889.67812746248
2411.585291980957,4,8.565562722169831,283069.81199811236
2036.658983594202,1,6.703764633843953,165327.94579640494
1355.019550129473,5,12.821460840913804,190915.0365037317
1352.4606139681919,5,6.995495772294218,184653.5598661396
1832.107650354936,1,5.313320567730838,179591.2748494233
2834.5107626446966,3,10.56806164902093,286326.9931992746
1870.2043243181977,1,4.840055296699147,210937.5523682464
1248.428523440947,5,2.802144274098443,229090.3061216857
1877.1284679570279,3,10.533028935445111,193033.55716066796
1863.6382151261648,3,3.0031198279591598,182558.04253431683
651.5566785292142,1,13.10111758518169,3769.3932637829294
1972.8525667410938,5,4.418665094988817,292797.48843627574
1884.532734895661,4,1.0373048543210093,270269.5057441256
2348.103182406709,5,8.824813399436824,253105.7028831652
2924.4780474726726,2,10.578378013185938,234391.21536961535
2563.2825147738786,4,11.965900254727762,281386.47895768547
1865.5556547225847,3,10.688062796063415,166688.822299047
1446.7370456291649,4,5.7627495155290305,171840.0454643319
3286.67990162493,3,12.852244723706416,341221.9597635273
2029.609217007244,3,13.840554025918985,223814.12108152133
2006.964645956473,4,5.176951486177845,236044.1564888506
1987.9374564449984,3,9.275975445361544,211294.86072738777
2099.0423803839276,3,8.902239891563921,223536.87193096412
1927.8197940380287,2,10.881526331152136,174269.24513062928
1713.1689965598819,5,9.180304832903564,226430.33739537786
1726.570529379804,5,9.728488911708093,242927.08157544382
1983.6233648920008,2,12.567262120966763,158677.9172161264
1728.2876144331176,4,5.544587601595467,186973.88507243278
1643.5771086614177,1,12.949492541043297,161860.49650101928
2053.2151138459485,1,14.564530926125004,179734.40486622107
1872.5113912895724,1,16.536539973955474,96977.49247794492
2751.9964942913443,2,1.4265307034505632,311457.7961312804
674.515095803494,2,9.268393371539128,86377.09683730653
2545.7534259612307,3,2.139597702585643,322603.4526963459
2623.0425962488143,1,0.2597452409087051,292555.86616857
963.3048837959252,4,10.576372190429915,119192.95513764936
1828.6562029598256,4,8.403392828598554,264031.25427953876
1814.2795670021042,1,11.199403807082986,150952.40947628196
1296.2441526410894,1,11.944510760349264,77027.87997934538
1611.0916562045622,1,14.991583832431683,127928.13967943768
1444.7120772670855,2,10.21568170122312,135794.26526937846
2876.1352217118115,2,21.69342246927635,227891.35300613995
2467.8391965737305,2,11.225639419940851,235734.45259744895
2635.7775474970795,5,17.369916178268845,289147.56320253643
2360.8360320216175,4,0.6686487979030069,288278.9528776665
1435.4741143913852,4,15.3989581182025,110274.9611688758
1737.7398668601131,3,9.276958040817759,223242.5145627621
2244.687280613959,2,2.206610962290914,259675.2872946706
1388.9360955540274,5,11.682180436912478,199753.88930605483
2356.499215086194,5,8.78817784806273,247715.05176386505
1879.8373009209324,4,12.32021299379257,233049.74284099293
1812.5895962252011,2,14.044305830204312,138000.28933760436
2355.4799841017457,3,4.043399532953616,255175.54657518037
2222.13165574302,2,14.059675929820632,190330.45673439917
1819.51691709046,1,10.025917936882866,127372.59676106856
2579.664901682124,2,15.41136469877309,220866.37421870677
1459.4683362000515,1,9.179407084008528,116641.33952460033
2307.967803472132,1,8.118364429874315,236714.85582868865
2296.550628984192,3,10.108216162755806,276947.5946381269
1845.226780343005,4,10.407442825519412,249523.35872774303
2163.066511121059,2,7.348860794033058,162949.47265703772
1374.4432118073487,1,8.014781076178865,93991.24505375841
2462.0135096034505,2,5.092497861944842,203866.6925550618
1907.5489317785054,4,8.261419640839222,199609.23811277864
1738.6384897404803,4,12.705240239990315,174099.69250150066
2524.5046129184448,5,9.450583304375424,315461.585150641
1647.8281547286203,4,14.036261184189314,161603.17868960195
1295.76935181822,3,9.258282129387705,130983.7727611673
1221.685413238048,1,4.2739280091067435,125343.01835826518
2303.00497567282,5,12.389099550226332,225622.25868595508
1359.7853237518584,3,7.3055074358663905,138486.16637175728
2877.3970909921823,2,9.066530844945861,269818.1392290547
959.035296058139,1,14.950288189936469,36092.03894034795
2848.228184145019,4,5.356518161113945,339964.0773645708
2105.5087336013094,1,10.65897514985754,214772.24235416928
1951.6434440648038,2,9.837926599856832,208683.11543422358
1727.540456595525,5,12.803702861748413,189502.78073851205
2199.5680571760354,5,13.420613461928092,246320.51192167637
1981.1826487875758,5,11.05535601699557,234605.50636647665
2551.650941008261,4,8.558501413678401,279518.7741194155
2057.1138243310197,3,11.893490016103842,213056.82799810555
2075.1508807309388,3,15.342623588578249,144307.48130592995
1818.193893893072,1,9.890840241441197,174383.04788226332
1971.5271881394663,4,8.930975542307893,274836.610870291
2153.9008844460295,5,11.55268103067196,250880.66977444774
1144.9158036716872,5,10.154908081478446,156482.92933183076
1325.9072889471436,2,4.6491623043288035,153271.02355328714
2371.6320470113574,2,10.957323201589926,247861.23811719136
2085.432719063971,5,4.612950364944944,277371.1771612413
1908.0083318236605,5,11.497922585633782,256659.84940674054
2009.2169665326967,4,6.811429102373731,259076.91795273212
2173.7908526808355,3,10.147499216745384,285681.8752844739
1730.1201598453192,2,11.562375624796946,146983.5874814898
1610.8476372988437,3,19.815613383774284,72606.6856179921
2097.922627548841,4,12.970999847147697,189113.78550200775
1510.813611192484,5,15.45919523896934,174083.59085940564
2204.126377857236,3,17.486991274775697,218674.73376236393
1148.7081978810797,5,11.957023667997777,138772.97293760098
2514.5778186628218,5,11.142759201068797,289970.67461405497
2236.2987412065213,1,5.733115564695137,232085.36473046584
2128.0148671569377,3,9.533480270398423,201003.27034174025
2491.345491972757,3,7.10764908145655,258314.5688101225
2832.7372222312883,5,8.395764599502455,312101.73203536
2507.1850325090654,4,17.482653504769875,272760.9380491212
1079.5628843341774,1,10.45848603679996,114205.67854432712
1360.2115166321491,5,6.496401689135565,164053.76848021057
1687.5907111521606,2,15.498133818765218,127713.7645466844
2013.0455251054168,2,13.821101904949796,207380.5173624163
2258.8295102345614,1,14.030613970401586,185697.26076200415
1637.1280934232673,4,1.9754791875904214,221604.43257939725
2093.383382238539,5,17.794683830885944,181710.86607915172
1622.3085338233386,3,7.765941031624451,212224.7620197832
1694.241098504026,1,13.111819091171022,132877.89476815992
1296.6694515758888,4,20.095199162468127,72366.28965170434
1538.3833769445478,3,18.62133099276247,150478.95907751718
1324.1576971918332,2,6.089751498109252,101956.92318469031
1512.0633735113336,2,4.221930651990908,164584.53023699354
2526.82089830392,3,15.721386395391711,227459.7902691302
1525.3005555840284,1,10.568223246375998,160148.47254771873
3316.1910324186956,2,7.99647423479168,325110.5772709073
2246.6589504404446,5,12.48487418775619,255625.4569477454
2092.418061847437,3,9.348481690162236,188422.4391114902
1570.8211099093933,3,12.805296548194974,137045.6862734993
2350.1549397044955,2,10.267927231274932,203243.47129205885
1712.181086881113,1,12.889551713312667,107639.79097143064
2061.0049073226805,5,6.421869243454445,274148.25763729267
3280.0422691343974,1,15.697848052530539,208660.57700472226
1951.9700501376751,4,12.790493482929753,173488.7814636963
2574.6366631428377,4,12.58518947761429,271762.2470860334
1648.4117874370563,2,5.529320291952025,180225.94436154378
1982.5057547515191,2,16.79852966657699,148422.10717616958
2885.400317817755,2,9.945135602534927,277794.49152447685
1686.5164711061163,4,12.912195449719365,173862.75452063355
2906.2242789984643,1,8.708702145013564,266616.30209403706
2353.8759677277376,1,11.043556258728389,211023.37098568722
1718.766612052866,2,11.188509408477618,166612.45738009003
2316.2038695277606,5,-1.2797237280136837,320795.04530638206
2486.277224813365,1,12.329792498619325,229856.12847781362
2310.9049811085983,4,17.86136584688834,225711.38623900112
1214.8876400547717,3,12.159121035967829,151498.5077341323
1636.4314120875656,3,6.169167004441047,228619.1169682284
1876.2406822242476,3,12.599846264615548,148556.66886501588
1962.7832854499768,5,14.237922120693355,203613.02946981316
2310.336048775339,2,12.049866064761549,231122.97555298987
2088.8505004666267,4,9.703491574279825,198745.28167203988
1332.3278206449495,5,9.031403096704278,223580.19064830788
2190.0989255029817,4,9.014760978532772,245339.0327873178
2305.2928726419113,4,12.79110760404485,260949.57512169235
2279.89522396552,2,4.371504019761487,243222.2357262252
2540.3903627773107,3,8.512507356578373,236666.76130024705
2416.961077274452,2,16.38243929204379,226172.52632052562
2229.5900396142183,5,16.536781066308706,309043.17439331155
1964.9171442706765,5,4.087411648793352,263179.4492742086
1169.5195332420044,5,5.474345554945565,181521.26177834155
2214.809109566293,2,8.917517681888253,150665.83396551159
2103.8438435815556,4,13.57035806845741,256320.16660227152
2135.7894185976866,4,2.690102583788039,302922.5620118785
1361.6257120898454,1,9.780765460330088,63924.147355961235
1459.4717297958687,5,8.10328337368142,153808.61956000762
2526.576426666452,4,15.303858697140935,207407.56710180885
1980.2224230716724,1,3.2923661041229826,217689.63992087278
2340.7503486863125,4,10.37016246197449,280849.0080491109
2014.1591880652306,5,8.425562250605624,236204.75894427527
2014.8780697478726,3,15.879195705109153,194573.32923381147
2469.141902987999,5,12.390610585412999,288933.0653965137
1741.9776358913132,2,7.656737362969061,166732.33410293056
2048.0603884704915,4,13.41354577331633,241993.2306476
1768.8623556474788,4,8.444684586765705,184539.4226002184
1782.7518862838422,2,13.997318844959015,176977.07474343653
1845.4139382656804,2,9.051692036457688,161069.8947939208
2111.0668858168565,3,14.218666315075053,244551.7740554865
1760.6256891682613,4,11.744327820509,172208.27922724446
2627.8780627867604,4,23.041964322765693,218788.6826998444
1552.696348890248,3,9.788415978335982,167792.23343590373
1906.5641779193204,1,11.531449166485794,154307.13565506513
1780.1344708629126,3,8.082301033136275,209872.6544360623
2723.4889421768667,5,10.010741363019115,290153.1269464242
2098.277388255787,4,-0.8073405365977635,292931.63130240166
2515.9222697343175,2,11.862336066164128,235733.83930267915
1257.219813481514,5,15.371496851797648,135671.04148846
2133.5251329346293,4,11.586520018397417,245521.3786379613
2444.8153978117184,3,4.744554168090491,247099.52110352484
2041.141994637712,5,6.792851389163996,261988.5952916841
2532.7401875326755,4,0.27923149137491876,313048.2581863013
1741.3557749498138,1,13.915696027461696,116471.32411894742
2704.67372009279,1,5.973946829161679,296773.52436150075
3149.449061809625,2,9.885165639151088,342180.4711391421
1818.5807197801705,4,9.38504971069112,246693.23493909196
1777.248739299614,1,15.950908142633066,106413.90121477479
2726.6922385588505,3,10.341125271862953,303654.0544165754
2789.7860728653563,4,13.235571680424039,295609.80205756053
1738.569986423366,3,12.18585505659065,174067.46594695855
1789.9065914520713,3,15.437645679845598,159868.39705549993
1859.1076955697463,1,9.043505221988164,204653.68988151193
1327.7747444828615,4,17.478461322018067,159531.1329771074
1540.674026757901,5,2.0573513744027396,262403.0562649538
1497.929616623966,1,13.429893992004944,98385.96756460622
1616.1012174479358,1,6.533521565343472,149931.53287444028
1982.6575563066094,4,8.02900178888019,251384.91179970335
2117.10736626826,4,12.277657067604142,217282.2284924547
2775.2502464070385,3,12.245608199390972,299754.87654286163
1500.8229796306046,4,12.425712054760286,144922.60990318639
2492.161199238292,3,4.455368223579048,296735.3710058691
1893.0055778872456,1,15.796120925116961,73077.06441832402
1975.2681451737835,2,6.397411527089297,191774.2937168786
2337.409746083302,5,6.930851639099203,351028.64473582024
1438.6389892188508,1,12.551586952667314,127010.7515183463
2191.204873092025,4,8.853115300955038,293241.6220527904
2083.226104106528,5,11.233043362249967,235474.7019155434
2246.2256320040747,2,1.373597213468848,260348.8980530741
2144.5843219539092,2,11.137297798076926,230821.7495323639
3227.650069955447,3,10.87132751804886,344235.74277293484
1681.130007874342,5,7.960565848942867,241024.3184766778
1734.5015224990912,3,1.7036961609408419,265696.2207034565
1688.429736787618,1,9.148766954073581,117087.76476804572
1722.2614404198725,5,9.850504560805549,218367.67025182192
1681.306436346741,1,8.53108403867802,101623.08437455015
2594.508265553776,3,2.655302142270009,278796.66454563744
2710.2521239949274,5,16.378936029267663,315985.16705762874
1714.6268531252617,3,7.444553888222508,171306.18421661056
1583.8222134478856,5,9.111181348308396,231214.420956374
2235.707778193202,3,0.3621027151268379,323222.39029288804
1723.8884778595143,2,16.37942139479283,126043.28643718881
2316.4659088777553,3,8.133800273063775,263974.17551745195
2101.46151042565,2,10.39385126829681,216759.69793965394
1242.127942501384,3,14.482949779266605,81260.66877714124
2773.752600665031,5,7.294783181133496,325490.0355283094
2897.9388365477607,5,13.852979949546176,295437.4536152502
1693.6056547578069,5,1.7546981762354328,247168.99684252782
1806.1492200320079,4,12.203946630285254,217497.95630380197
2142.9326953624523,1,16.28896866607861,137968.5079322949
2167.2283949935127,5,7.678332611127881,277452.34577041643
2329.2721363364153,2,14.475526481193596,174488.0408043927
3005.1022693831746,5,17.335690608775135,344492.3280077843
1911.5263862529753,4,8.980632647783922,212621.72563079448
1600.851377730773,2,8.649886856600556,194910.21728782338
1310.3403859927364,4,6.406825016670784,180523.14086215373
1634.5349800290405,2,7.961079379259466,128473.11165752973
1983.4365135631015,3,6.738560438909519,220375.18049812195
2897.278931758894,1,6.403555606291091,251140.6944577798
1741.1943504819142,1,14.795341186845427,134876.4635484181
2111.893975819449,4,6.8402958988469615,250453.84852953846
1991.788551963624,1,11.034087658878493,168088.6732776538
2594.196636724042,4,10.15293374086495,279421.16721691535
3263.4662129368107,4,15.99237825028449,312501.1724456755
1734.5656135398397,4,7.987375071779946,189179.13575469356
1755.280278740889,1,11.524592186617289,158810.6403615407
2522.080438534536,4,13.164278809104436,262057.82226293895
2340.9457448131557,1,15.958998429282325,166432.30999244435
2923.3536628680167,4,7.928986619818932,327735.08572665305
2291.964092662982,5,7.528430125070479,274582.7138038014
1820.3539546064703,4,5.752875784159789,225487.23087044747
2295.327415346155,2,18.945198483392964,179947.4944849879
2554.3517902914537,4,15.53788975272155,231892.3052891185
2410.241090598682,3,9.831194422751826,229634.33711912888
2253.637015553649,4,17.725756604508227,251192.02087339057
2533.337344794577,2,9.59254642253737,236302.08904678197
2584.6477952228365,2,12.897641885734117,220187.54987051283
2691.0794955187635,1,10.040687606890883,205307.72137844004
2324.3549437948213,5,11.591221807001885,295746.3262813287
1916.4409598415727,4,11.167045770134187,189410.72179571528
2073.356843216661,1,8.300058506493402,185453.07526516268
2603.2544832541785,5,14.369994152341413,245770.850830796
1591.5321645063818,4,12.863809670735604,195288.4881060631
2184.3366544364508,3,14.110778374005914,237301.17966408006
1803.3305938363196,4,11.280908741997385,216041.5243105954
2014.3724114674087,2,6.373720472891463,171206.63549715112
2639.2259313036493,2,16.837544266230807,240703.92539694166
2095.5495340099515,3,8.949775065730297,204122.35308133482
2023.2182740780745,1,11.456268114273659,135766.18986839885
1320.0719295100403,5,12.541525435289076,159713.0396306173
2373.1267830136103,4,11.429686864870476,250080.05214334643
2322.7420905705376,2,13.661668084921097,191339.65235294108
3081.62736165273,1,14.293511689265994,288537.0339165604
1846.1108825234996,3,9.100665987811007,249403.40822436058
2109.5751638319693,2,16.50186936782259,134219.7561103474
2124.691841855378,3,8.93238578335494,210586.4454106483
2788.7266398817374,4,11.346996195523154,305706.3914116819
1952.352233806524,5,8.449287265583074,243270.8747793063
2139.5107628851697,2,7.306105909396839,227405.5154734957
2303.9482548582696,2,14.17676435516346,222410.6376086545
2093.304561578179,4,22.487587589704177,195626.666766048
1776.783192724736,1,8.552960446718732,170156.85623512574
2097.0449964491536,5,14.861286298712315,276875.45617434685
2536.815874929886,2,8.696354749199223,210476.1316740897
1486.7423502944698,5,9.958060092575982,235886.65436543245
2066.484837073438,2,17.030335088926687,151172.01741046677
1649.9395925304134,5,5.705858859698776,256092.7954714381
2597.5233144624212,3,4.647363725507509,270773.8571117185
1238.4065476081128,2,9.651205404947403,92872.21793874232
1720.5390763642058,5,12.654624111750698,225333.71936471778
2188.60593753226,1,11.854666286723527,131369.01175086224
2782.7620146171703,3,11.442716702771984,305798.6699050649
1967.124869463506,3,10.13652792604631,237528.93487465876
1722.4002366534007,1,13.146160107935678,130953.84447138569
2940.578534720295,5,-1.6546897681798889,405875.3282023929
1275.993049791878,4,6.996778779649037,151774.50745823132
900.5970216899591,1,9.625550362866209,78793.18541475658
2220.007225026666,5,12.818139196410037,266601.6576808021
1748.9728878236945,1,15.959060560274265,92064.35108040254
1489.3835914346434,1,6.459601167331439,126853.35455460234
2354.1782236496765,2,15.82831450214627,192292.86423684124
2121.9003568855996,5,8.189753323194548,261421.21415960757
1717.9606846316358,4,9.480360868077256,170321.47878902793
1359.8478006645528,2,12.325730075190453,131831.6374051004
2436.2286641400724,1,9.187055682772908,211599.82660259533
2325.1005889793305,1,14.440470426665271,180691.82616193945
1950.4120681103086,1,8.381583419547425,158676.62502835804
2923.318498023833,5,8.441860034878664,362004.3364772897
1464.9576168369238,5,14.207919816837329,180423.56720904083
1237.2374145376307,2,6.947502446929367,159305.8389473767
1654.0459650593777,4,10.99571638126664,202440.9824230792
1977.206991822251,2,3.358069329224704,215863.2424901738
2121.6697246613458,3,17.27855740824476,167281.26498734677
1879.381971071835,1,14.8262077449471,155455.97548036414
2176.0276982571486,1,21.00042879832302,125536.22336443832
1374.230287904778,1,15.353454925785542,76362.81499664455
2721.88230203663,2,5.481399081598074,280481.94463835575
1958.9244108037155,2,12.674599440642368,162479.2511107315
2558.647915794064,1,6.327964951112782,240361.4919680957
2171.362673188852,2,16.312150028212393,223730.70624613768
2228.376609576892,5,5.595438848089711,268664.9153640483
2284.883640116102,5,5.4033804630408095,281108.85642736586
2223.8542800086575,2,3.560754185213253,279189.7675286557
2321.361379933772,1,8.046480714947995,202533.6248062604
2664.5762650662155,2,7.242088700865715,258981.65090042062
2098.260584850735,2,4.9534035766429385,250930.63702119465
2354.5018787942563,2,17.959236416974097,150149.11536251134
1955.1321528563867,3,12.119522785546579,215451.96208924093
2720.0586077247362,5,11.648938159426846,314901.580708378
1661.8038489703652,4,16.356657676991706,176017.1497828774
2900.470216455408,4,11.025031168171738,326072.6396859852
1979.9210246778282,3,7.005279193979442,207266.14183581967
1284.6124489409758,2,3.199161029929373,178745.03424819838
2064.0522074553946,3,6.779770430626385,218752.92580545583
1659.4741712625596,3,16.02166240203385,156060.33059105527
2420.321774494362,1,4.97865553725536,268082.0119013878
1673.6880103488045,5,11.412508951991507,244778.79877108466
1776.9082833926102,4,14.13570057234223,180334.16707903254
1055.2296345272343,2,11.141379361773007,101394.44849988366
1773.8468403754616,4,11.595933315162334,190417.797706644
788.0603366855216,4,12.622415651493705,158288.861092803
1208.0485882571384,5,11.517123487290597,182722.39153610633
2380.207328072149,4,16.436296689893126,237940.71025367267
2392.9000793254163,4,5.838833087089558,297909.89683353744
2212.7287808924825,3,10.961699507355144,236642.01593862424
1516.5119284353934,5,2.7270382640114095,248934.59004306936
1976.1443219290102,1,1.705015251253851,203089.4004954678
1998.1987304547158,2,9.673315876592065,181595.1111816319
1420.8176554037286,4,12.173518275779028,157417.84011831542
2751.6991508835754,2,16.52267110895026,204064.26691742605
2438.6811452878355,1,19.679166932041852,183429.1400429358
1889.517913085168,2,15.279442682661923,132511.95182898283
2013.4429194972654,1,12.908662977592114,130302.22508714805
2104.1914039737762,3,10.639859423095261,216860.98161779763
979.1325657878547,4,3.87508774726649,155284.75210020586
1876.4113087397016,1,9.415853577032806,166802.72488353084
1659.0078760011006,2,15.161507005032902,115888.11834003529
1499.1899950525421,4,13.593127424112161,152139.79842891908
1859.4498535570226,3,4.854663413268207,238974.6559165735
2898.843263424761,4,12.456102589033922,323384.2434096864
2320.4214306335048,1,12.113571247470881,206212.412980413
1714.4105051086017,3,11.39956048045895,175292.43841735244
2286.291390678079,2,9.888577778490662,223409.31575866148
